⚠ [8706/8859] Replayed Problem56.Definitions
warning: Problem56/Definitions.lean:270:10: Variable name `U` is not explicitly referenced.

Hint: The binding can be removed (if unused) or named `_` (if used implicitly). Alternatively, prefix the name with `_` to silence this warning:
  [apply] _U

Note: This linter can be disabled with `set_option linter.unusedVariables false`
warning: Problem56/Definitions.lean:354:5: Variable name `D` is not explicitly referenced.

Hint: The binding can be removed (if unused) or named `_` (if used implicitly). Alternatively, prefix the name with `_` to silence this warning:
  [apply] _D

Note: This linter can be disabled with `set_option linter.unusedVariables false`
warning: Problem56/Definitions.lean:356:6: Variable name `e` is not explicitly referenced.

Hint: The binding can be removed (if unused) or named `_` (if used implicitly). Alternatively, prefix the name with `_` to silence this warning:
  [apply] _e

Note: This linter can be disabled with `set_option linter.unusedVariables false`
⚠ [8707/8859] Replayed Problem56.GraphOperatorL2
warning: Problem56/GraphOperatorL2.lean:398:2: Unused tactic linter: `change
  M (es.get i) (edgeListTupleFinEquiv srcDim es xs i) (edgeListTupleFinEquiv dstDim es y i) = _` does nothing

Note: This linter can be disabled with `set_option linter.unusedTactic false`
warning: Problem56/GraphOperatorL2.lean:1350:33: try 'simp' instead of 'simpa'

Note: This linter can be disabled with `set_option linter.unnecessarySimpa false`
warning: Problem56/GraphOperatorL2.lean:1751:39: Variable name `hio` is not explicitly referenced.

Hint: The binding can be removed (if unused) or named `_` (if used implicitly). Alternatively, prefix the name with `_` to silence this warning:
  [apply] _hio

Note: This linter can be disabled with `set_option linter.unusedVariables false`
⚠ [8709/8859] Replayed Problem56.SpectralRoot
warning: Problem56/SpectralRoot.lean:102:5: Variable name `hlam` is not explicitly referenced.

Hint: The binding can be removed (if unused) or named `_` (if used implicitly). Alternatively, prefix the name with `_` to silence this warning:
  [apply] _hlam

Note: This linter can be disabled with `set_option linter.unusedVariables false`
info: Problem56/SpectralRoot.lean:257:0: 'Problem56.quadratic_root_even_power_bound' depends on axioms: [propext, Classical.choice, Quot.sound]
info: Problem56/SpectralRoot.lean:258:0: 'Problem56.bad_spectral_edge_large_root' depends on axioms: [propext, Classical.choice, Quot.sound]
ℹ [8711/8859] Replayed Problem56.GraphRankEndpoint
info: Problem56/GraphRankEndpoint.lean:61:0: 'Problem56.abs_sum_all_entries_le_card_mul_operatorNorm' depends on axioms: [propext, Classical.choice, Quot.sound]
info: Problem56/GraphRankEndpoint.lean:62:0: 'Problem56.abs_sum_all_entries_le_card_mul_operatorNorm_of_dim_eq' depends on axioms: [propext,
 Classical.choice,
 Quot.sound]
⚠ [8712/8859] Replayed Problem56.GraphRankEdgeSplit
warning: Problem56/GraphRankEdgeSplit.lean:24:40: Variable name `dst` is not explicitly referenced.

Hint: The binding can be removed (if unused) or named `_` (if used implicitly). Alternatively, prefix the name with `_` to silence this warning:
  [apply] _dst

Note: This linter can be disabled with `set_option linter.unusedVariables false`
warning: Problem56/GraphRankEdgeSplit.lean:31:36: Variable name `src` is not explicitly referenced.

Hint: The binding can be removed (if unused) or named `_` (if used implicitly). Alternatively, prefix the name with `_` to silence this warning:
  [apply] _src

Note: This linter can be disabled with `set_option linter.unusedVariables false`
warning: Problem56/GraphRankEdgeSplit.lean:282:35: This simp argument is unused:
  Finset.mem_univ

Hint: Omit it from the simp argument list.
  [apply] simp only [Finset.card_filter, if_true]

Note: This linter can be disabled with `set_option linter.unusedSimpArgs false`
warning: Problem56/GraphRankEdgeSplit.lean:282:52: This simp argument is unused:
  if_true

Hint: Omit it from the simp argument list.
  [apply] simp only [Finset.card_filter, Finset.mem_univ]

Note: This linter can be disabled with `set_option linter.unusedSimpArgs false`
warning: Problem56/GraphRankEdgeSplit.lean:296:35: This simp argument is unused:
  Finset.mem_univ

Hint: Omit it from the simp argument list.
  [apply] simp only [Finset.card_filter, if_true]

Note: This linter can be disabled with `set_option linter.unusedSimpArgs false`
warning: Problem56/GraphRankEdgeSplit.lean:296:52: This simp argument is unused:
  if_true

Hint: Omit it from the simp argument list.
  [apply] simp only [Finset.card_filter, Finset.mem_univ]

Note: This linter can be disabled with `set_option linter.unusedSimpArgs false`
warning: Problem56/GraphRankEdgeSplit.lean:482:6: This simp argument is unused:
  rankEdgeSplitSrc

Hint: Omit it from the simp argument list.
  [apply] simp [rankEdgeSplitMatrix, rankEdgeSplitWeight, rankEdgeSplitDst, rankEdgeSplitDim]

Note: This linter can be disabled with `set_option linter.unusedSimpArgs false`
warning: Problem56/GraphRankEdgeSplit.lean:482:24: This simp argument is unused:
  rankEdgeSplitDst

Hint: Omit it from the simp argument list.
  [apply] simp [rankEdgeSplitMatrix, rankEdgeSplitWeight, rankEdgeSplitSrc, rankEdgeSplitDim]

Note: This linter can be disabled with `set_option linter.unusedSimpArgs false`
info: Problem56/GraphRankEdgeSplit.lean:541:0: 'Problem56.graphConnected_rankEdgeSplit' depends on axioms: [propext, Classical.choice, Quot.sound]
info: Problem56/GraphRankEdgeSplit.lean:542:0: 'Problem56.graphDegree_rankEdgeSplit_old' depends on axioms: [propext, Classical.choice, Quot.sound]
info: Problem56/GraphRankEdgeSplit.lean:543:0: 'Problem56.graphEven_rankEdgeSplit' depends on axioms: [propext, Classical.choice, Quot.sound]
info: Problem56/GraphRankEdgeSplit.lean:544:0: 'Problem56.graphPositive_rankEdgeSplit' depends on axioms: [propext, Classical.choice, Quot.sound]
info: Problem56/GraphRankEdgeSplit.lean:545:0: 'Problem56.euclideanOperatorNorm_frame_le_one' depends on axioms: [propext, Classical.choice, Quot.sound]
info: Problem56/GraphRankEdgeSplit.lean:546:0: 'Problem56.hasRankProjectionEdge_factorization' depends on axioms: [propext, Classical.choice, Quot.sound]
info: Problem56/GraphRankEdgeSplit.lean:547:0: 'Problem56.graphContraction_rankEdgeSplit' depends on axioms: [propext, Classical.choice, Quot.sound]
info: Problem56/GraphRankEdgeSplit.lean:548:0: 'Problem56.rankEdgeSplitMatrix_norm_le_one' depends on axioms: [propext, Classical.choice, Quot.sound]
ℹ [8713/8859] Replayed Problem56.GraphWeightLoops
info: Problem56/GraphWeightLoops.lean:101:0: 'Problem56.euclideanOperatorNorm_weightDiagonal_le_one' depends on axioms: [propext, Classical.choice, Quot.sound]
info: Problem56/GraphWeightLoops.lean:102:0: 'Problem56.graphContraction_weightLoopMatrix' depends on axioms: [propext, Classical.choice, Quot.sound]
info: Problem56/GraphWeightLoops.lean:103:0: 'Problem56.weightLoopMatrix_norm_product_le' depends on axioms: [propext, Classical.choice, Quot.sound]
⚠ [8714/8859] Replayed Problem56.GraphVertexSplit
warning: Problem56/GraphVertexSplit.lean:86:40: This simp argument is unused:
  Finset.mem_univ

Hint: Omit it from the simp argument list.
  [apply] simp only [Finset.sum_filter, if_true]

Note: This linter can be disabled with `set_option linter.unusedSimpArgs false`
warning: Problem56/GraphVertexSplit.lean:86:57: This simp argument is unused:
  if_true

Hint: Omit it from the simp argument list.
  [apply] simp only [Finset.sum_filter, Finset.mem_univ]

Note: This linter can be disabled with `set_option linter.unusedSimpArgs false`
info: Problem56/GraphVertexSplit.lean:212:0: 'Problem56.binarySplitIdentityProduct' depends on axioms: [propext, Classical.choice, Quot.sound]
info: Problem56/GraphVertexSplit.lean:213:0: 'Problem56.graphContraction_binarySplit' depends on axioms: [propext, Classical.choice, Quot.sound]
info: Problem56/GraphVertexSplit.lean:214:0: 'Problem56.binarySplitMatrix_norm_product_le' depends on axioms: [propext, Classical.choice, Quot.sound]
info: Problem56/GraphVertexSplit.lean:215:0: 'Problem56.graphContraction_weightLoops_binarySplit' depends on axioms: [propext, Classical.choice, Quot.sound]
info: Problem56/GraphVertexSplit.lean:216:0: 'Problem56.weightLoops_binarySplit_norm_product_le' depends on axioms: [propext, Classical.choice, Quot.sound]
⚠ [8715/8859] Replayed Problem56.GraphFiberSplit
warning: Problem56/GraphFiberSplit.lean:89:40: This simp argument is unused:
  Finset.mem_univ

Hint: Omit it from the simp argument list.
  [apply] simp only [Finset.sum_filter, if_true]

Note: This linter can be disabled with `set_option linter.unusedSimpArgs false`
warning: Problem56/GraphFiberSplit.lean:89:57: This simp argument is unused:
  if_true

Hint: Omit it from the simp argument list.
  [apply] simp only [Finset.sum_filter, Finset.mem_univ]

Note: This linter can be disabled with `set_option linter.unusedSimpArgs false`
info: Problem56/GraphFiberSplit.lean:224:0: 'Problem56.fiberSplitIdentityProduct' depends on axioms: [propext, Classical.choice, Quot.sound]
info: Problem56/GraphFiberSplit.lean:225:0: 'Problem56.graphContraction_fiberSplit' depends on axioms: [propext, Classical.choice, Quot.sound]
info: Problem56/GraphFiberSplit.lean:226:0: 'Problem56.fiberSplitMatrix_norm_product_le' depends on axioms: [propext, Classical.choice, Quot.sound]
info: Problem56/GraphFiberSplit.lean:227:0: 'Problem56.graphContraction_weightLoops_fiberSplit' depends on axioms: [propext, Classical.choice, Quot.sound]
info: Problem56/GraphFiberSplit.lean:228:0: 'Problem56.weightLoops_fiberSplit_norm_product_le' depends on axioms: [propext, Classical.choice, Quot.sound]
⚠ [8716/8859] Replayed Problem56.IndexedEulerCircuit
warning: Problem56/IndexedEulerCircuit.lean:324:29: try 'simp' instead of 'simpa'

Note: This linter can be disabled with `set_option linter.unnecessarySimpa false`
warning: Problem56/IndexedEulerCircuit.lean:643:4: Try this: 
  letI̵

The goal is a proposition, so `let` is preferred over `letI`.
The difference between `let` and `letI` is that `letI` inlines the value.
But this is not relevant for proofs because of proof irrelevance.

Note: This linter can be disabled with `set_option linter.style.haveILetI false`
warning: Problem56/IndexedEulerCircuit.lean:661:4: Try this: 
  letI̵

The goal is a proposition, so `let` is preferred over `letI`.
The difference between `let` and `letI` is that `letI` inlines the value.
But this is not relevant for proofs because of proof irrelevance.

Note: This linter can be disabled with `set_option linter.style.haveILetI false`
warning: Problem56/IndexedEulerCircuit.lean:672:6: try 'simp' instead of 'simpa'

Note: This linter can be disabled with `set_option linter.unnecessarySimpa false`
warning: Problem56/IndexedEulerCircuit.lean:688:4: Try this: 
  haveI̵

The goal is a proposition, so `have` is preferred over `haveI`.
The difference between `have` and `haveI` is that `haveI` inlines the value.
But this is not relevant for proofs because of proof irrelevance.

Note: This linter can be disabled with `set_option linter.style.haveILetI false`
warning: Problem56/IndexedEulerCircuit.lean:691:2: Try this: 
  letI̵

The goal is a proposition, so `let` is preferred over `letI`.
The difference between `let` and `letI` is that `letI` inlines the value.
But this is not relevant for proofs because of proof irrelevance.

Note: This linter can be disabled with `set_option linter.style.haveILetI false`
warning: Problem56/IndexedEulerCircuit.lean:702:4: try 'simp' instead of 'simpa'

Note: This linter can be disabled with `set_option linter.unnecessarySimpa false`
info: Problem56/IndexedEulerCircuit.lean:706:0: 'Problem56.IndexedTrail.incidenceCount_eq_endpoints_add_twice' depends on axioms: [propext,
 Classical.choice,
 Quot.sound]
info: Problem56/IndexedEulerCircuit.lean:707:0: 'Problem56.IndexedTrail.exists_strict_extension_of_not_closed' depends on axioms: [propext,
 Classical.choice,
 Quot.sound]
info: Problem56/IndexedEulerCircuit.lean:708:0: 'Problem56.IndexedTrail.length_maximal_coversEveryEdge' depends on axioms: [propext, Classical.choice, Quot.sound]
info: Problem56/IndexedEulerCircuit.lean:709:0: 'Problem56.exists_indexed_euler_circuit' depends on axioms: [propext, Classical.choice, Quot.sound]
info: Problem56/IndexedEulerCircuit.lean:710:0: 'Problem56.exists_nonempty_indexed_euler_circuit_of_positive_degree' depends on axioms: [propext,
 Classical.choice,
 Quot.sound]
⚠ [8717/8859] Replayed Problem56.GraphBridgelessConversion
warning: Problem56/GraphBridgelessConversion.lean:1023:15: `Fin.coe_castSucc` has been deprecated: Use `Fin.val_castSucc` instead
warning: Problem56/GraphBridgelessConversion.lean:1030:15: `Fin.coe_castSucc` has been deprecated: Use `Fin.val_castSucc` instead
warning: Problem56/GraphBridgelessConversion.lean:1069:17: try 'simp' instead of 'simpa'

Note: This linter can be disabled with `set_option linter.unnecessarySimpa false`
warning: Problem56/GraphBridgelessConversion.lean:1071:17: try 'simp' instead of 'simpa'

Note: This linter can be disabled with `set_option linter.unnecessarySimpa false`
warning: Problem56/GraphBridgelessConversion.lean:1093:17: try 'simp' instead of 'simpa'

Note: This linter can be disabled with `set_option linter.unnecessarySimpa false`
warning: Problem56/GraphBridgelessConversion.lean:1095:17: try 'simp' instead of 'simpa'

Note: This linter can be disabled with `set_option linter.unnecessarySimpa false`
warning: Problem56/GraphBridgelessConversion.lean:1451:33: This simp argument is unused:
  root

Hint: Omit it from the simp argument list.
  [apply] simp [twoPathTransformedIdentityEdge, selectivelyReversedSrc, selectivelyReversedDst, orientedTail,
    orientedHead, rootedFiberSplitSrc, rootedFiberSplitDst, hrev]

Note: This linter can be disabled with `set_option linter.unusedSimpArgs false`
warning: Problem56/GraphBridgelessConversion.lean:1457:33: This simp argument is unused:
  root

Hint: Omit it from the simp argument list.
  [apply] simp [twoPathTransformedIdentityEdge, selectivelyReversedSrc, selectivelyReversedDst, orientedTail,
    orientedHead, rootedFiberSplitSrc, rootedFiberSplitDst, hrev]

Note: This linter can be disabled with `set_option linter.unusedSimpArgs false`
info: Problem56/GraphBridgelessConversion.lean:2221:0: 'Problem56.graphContraction_selectivelyReverse' depends on axioms: [propext, Classical.choice, Quot.sound]
info: Problem56/GraphBridgelessConversion.lean:2222:0: 'Problem56.selectivelyReversedMatrix_norm_product_eq' depends on axioms: [propext, Classical.choice, Quot.sound]
info: Problem56/GraphBridgelessConversion.lean:2223:0: 'Problem56.rootedFiberSplitIdentityProduct' depends on axioms: [propext, Classical.choice, Quot.sound]
info: Problem56/GraphBridgelessConversion.lean:2224:0: 'Problem56.graphContraction_rootedFiberSplit' depends on axioms: [propext, Classical.choice, Quot.sound]
info: Problem56/GraphBridgelessConversion.lean:2225:0: 'Problem56.rootedFiberSplitMatrix_norm_product_le' depends on axioms: [propext, Classical.choice, Quot.sound]
info: Problem56/GraphBridgelessConversion.lean:2226:0: 'Problem56.graphContraction_weightLoops_rootedFiberSplit' depends on axioms: [propext, Classical.choice, Quot.sound]
info: Problem56/GraphBridgelessConversion.lean:2227:0: 'Problem56.weightLoops_rootedFiberSplit_norm_product_le' depends on axioms: [propext, Classical.choice, Quot.sound]
info: Problem56/GraphBridgelessConversion.lean:2228:0: 'Problem56.graphConnected_weightLoops' depends on axioms: [propext, Classical.choice, Quot.sound]
info: Problem56/GraphBridgelessConversion.lean:2229:0: 'Problem56.graphDegree_weightLoops' depends on axioms: [propext, Classical.choice, Quot.sound]
info: Problem56/GraphBridgelessConversion.lean:2230:0: 'Problem56.exists_weightLoop_indexed_euler_circuit_based_at' depends on axioms: [propext, Classical.choice, Quot.sound]
info: Problem56/GraphBridgelessConversion.lean:2231:0: 'Problem56.reverseOrientedList_isChain' depends on axioms: [propext, Classical.choice, Quot.sound]
info: Problem56/GraphBridgelessConversion.lean:2232:0: 'Problem56.exists_weightLoop_twoPathCover' depends on axioms: [propext, Classical.choice, Quot.sound]
info: Problem56/GraphBridgelessConversion.lean:2233:0: 'Problem56.sum_graphOperator_eq_graphContraction_one' depends on axioms: [propext, Classical.choice, Quot.sound]
info: Problem56/GraphBridgelessConversion.lean:2234:0: 'Problem56.bridgelessConversion_of_rootedFiberRouting' depends on axioms: [propext, Classical.choice, Quot.sound]
info: Problem56/GraphBridgelessConversion.lean:2235:0: 'Problem56.twoPath_mingoAdmissibleDAG' depends on axioms: [propext, Classical.choice, Quot.sound]
info: Problem56/GraphBridgelessConversion.lean:2236:0: 'Problem56.bridgelessConversion_type0' depends on axioms: [propext, Classical.choice, Quot.sound]
info: Problem56/GraphBridgelessConversion.lean:2237:0: 'Problem56.graphContraction_reindex' depends on axioms: [propext, Classical.choice, Quot.sound]
info: Problem56/GraphBridgelessConversion.lean:2238:0: 'Problem56.graphMatrixNormProduct_reindex' depends on axioms: [propext, Classical.choice, Quot.sound]
info: Problem56/GraphBridgelessConversion.lean:2239:0: 'Problem56.mingo_speicher_bridgeless_conversion' depends on axioms: [propext, Classical.choice, Quot.sound]
⚠ [8719/8859] Replayed Problem56.RankCutStateFactorGeneral
warning: Problem56/RankCutStateFactorGeneral.lean:59:38: Variable name `dst` is not explicitly referenced.

Hint: The binding can be removed (if unused) or named `_` (if used implicitly). Alternatively, prefix the name with `_` to silence this warning:
  [apply] _dst

Note: This linter can be disabled with `set_option linter.unusedVariables false`
warning: Problem56/RankCutStateFactorGeneral.lean:1192:4: `push_neg` has been deprecated. Prefer using `push Not` instead.
If you'd rather continue using `push_neg` in your project, you can implement it as follows:
```
open Lean.Parser.Tactic in
macro "push_neg" cfg:optConfig loc:(location)? : tactic =>
  `(tactic| push $cfg:optConfig Not $[$loc]?)
```
ℹ [8720/8859] Replayed Problem56.EqualityBudget
info: Problem56/EqualityBudget.lean:116:0: 'Problem56.selector_exceptional_vertex_degree_budget' depends on axioms: [propext, Classical.choice, Quot.sound]
⚠ [8721/8859] Replayed Problem56.LargeRankCutoff
warning: Problem56/LargeRankCutoff.lean:38:2: exponent 1000 exceeds the threshold 256, exponentiation operation was not evaluated, use `set_option exponentiation.threshold <num>` to set a new threshold
warning: Problem56/LargeRankCutoff.lean:52:4: exponent 20000 exceeds the threshold 256, exponentiation operation was not evaluated, use `set_option exponentiation.threshold <num>` to set a new threshold
warning: Problem56/LargeRankCutoff.lean:82:26: exponent 1000 exceeds the threshold 256, exponentiation operation was not evaluated, use `set_option exponentiation.threshold <num>` to set a new threshold
info: Problem56/LargeRankCutoff.lean:103:0: 'Problem56.large_rank_cutoff_arithmetic' depends on axioms: [propext, Classical.choice, Quot.sound]
⚠ [8722/8859] Replayed Problem56.SelectorQuotient
warning: Problem56/SelectorQuotient.lean:13:2: Try this: 
  haveI̵

The goal is a proposition, so `have` is preferred over `haveI`.
The difference between `have` and `haveI` is that `haveI` inlines the value.
But this is not relevant for proofs because of proof irrelevance.

Note: This linter can be disabled with `set_option linter.style.haveILetI false`
warning: Problem56/SelectorQuotient.lean:72:2: Try this: 
  letI̵

The goal is a proposition, so `let` is preferred over `letI`.
The difference between `let` and `letI` is that `letI` inlines the value.
But this is not relevant for proofs because of proof irrelevance.

Note: This linter can be disabled with `set_option linter.style.haveILetI false`
info: Problem56/SelectorQuotient.lean:168:0: 'Problem56.selector_quotient_parameter_bounds' depends on axioms: [propext, Classical.choice, Quot.sound]
info: Problem56/SelectorQuotient.lean:169:0: 'Problem56.selector_quotient_total_excess' depends on axioms: [propext, Classical.choice, Quot.sound]
info: Problem56/SelectorQuotient.lean:170:0: 'Problem56.selector_quotient_graph_connected' depends on axioms: [propext, Classical.choice, Quot.sound]
info: Problem56/SelectorQuotient.lean:171:0: 'Problem56.selector_quotient_degree' depends on axioms: [propext, Classical.choice, Quot.sound]
⚠ [8723/8859] Replayed Problem56.WalshSymmetry
warning: Problem56/WalshSymmetry.lean:131:64: Used `tac1 <;> tac2` where `(tac1; tac2)` would suffice

Note: This linter can be disabled with `set_option linter.unnecessarySeqFocus false`
warning: Problem56/WalshSymmetry.lean:162:24: This simp argument is unused:
  translateSign

Hint: Omit it from the simp argument list.
  [apply] simp [signDiagonal, walshTranslation, Matrix.mul_apply, hiff]

Note: This linter can be disabled with `set_option linter.unusedSimpArgs false`
warning: Problem56/WalshSymmetry.lean:164:24: This simp argument is unused:
  translateSign

Hint: Omit it from the simp argument list.
  [apply] simp [signDiagonal, walshTranslation, Matrix.mul_apply, hiff, hij]

Note: This linter can be disabled with `set_option linter.unusedSimpArgs false`
info: Problem56/WalshSymmetry.lean:222:0: 'Problem56.walshCharacter_add_left' depends on axioms: [propext, Classical.choice, Quot.sound]
info: Problem56/WalshSymmetry.lean:223:0: 'Problem56.walshModulation_mul_normalizedWalsh' depends on axioms: [propext, Classical.choice, Quot.sound]
info: Problem56/WalshSymmetry.lean:224:0: 'Problem56.walshTranslation_mul_normalizedWalsh' depends on axioms: [propext, Classical.choice, Quot.sound]
info: Problem56/WalshSymmetry.lean:225:0: 'Problem56.signPairExpectation_walsh_symmetry' depends on axioms: [propext, Classical.choice, Quot.sound]
info: Problem56/WalshSymmetry.lean:226:0: 'Problem56.exists_walshCharacter_eq_neg_one' depends on axioms: [propext, Classical.choice, Quot.sound]
info: Problem56/WalshSymmetry.lean:227:0: 'Problem56.signDiagonal_modulate' depends on axioms: [propext, Classical.choice, Quot.sound]
info: Problem56/WalshSymmetry.lean:228:0: 'Problem56.signDiagonal_translate' depends on axioms: [propext, Classical.choice, Quot.sound]
info: Problem56/WalshSymmetry.lean:229:0: 'Problem56.transformedFrame_walsh_symmetry' depends on axioms: [propext, Classical.choice, Quot.sound]
info: Problem56/WalshSymmetry.lean:230:0: 'Problem56.randomProjection_walsh_symmetry' depends on axioms: [propext, Classical.choice, Quot.sound]
info: Problem56/WalshSymmetry.lean:231:0: 'Problem56.walsh_translation_modulation_package' depends on axioms: [propext, Classical.choice, Quot.sound]
⚠ [8724/8859] Replayed Problem56.XorKernel
warning: Problem56/XorKernel.lean:35:2: Try this: 
  letI̵

The goal is a proposition, so `let` is preferred over `letI`.
The difference between `let` and `letI` is that `letI` inlines the value.
But this is not relevant for proofs because of proof irrelevance.

Note: This linter can be disabled with `set_option linter.style.haveILetI false`
warning: Problem56/XorKernel.lean:40:4: try 'simp' instead of 'simpa'

Note: This linter can be disabled with `set_option linter.unnecessarySimpa false`
info: Problem56/XorKernel.lean:59:0: 'Problem56.xor_kernel_solution_count' depends on axioms: [propext, Classical.choice, Quot.sound]
ℹ [8725/8859] Replayed Problem56.PointwiseVanishing
info: Problem56/PointwiseVanishing.lean:156:0: 'Problem56.walsh_label_vanishing_pair_classification' depends on axioms: [propext, Classical.choice, Quot.sound]
info: Problem56/PointwiseVanishing.lean:157:0: 'Problem56.pointwise_vanishing_pair_blocks_admissible' depends on axioms: [propext, Classical.choice, Quot.sound]
ℹ [8726/8859] Replayed Problem56.TraceGeometric
info: Problem56/TraceGeometric.lean:154:0: 'Problem56.trace_geometric_summation' depends on axioms: [propext, Classical.choice, Quot.sound]
ℹ [8727/8859] Replayed Problem56.EncodingCount
info: Problem56/EncodingCount.lean:105:0: 'Problem56.contracted_core_code_card' depends on axioms: [propext, Classical.choice, Quot.sound]
info: Problem56/EncodingCount.lean:106:0: 'Problem56.euler_transition_count' depends on axioms: [propext, Classical.choice, Quot.sound]
⚠ [8728/8859] Replayed Problem56.TwoProjection
warning: Problem56/TwoProjection.lean:168:5: Variable name `hX` is not explicitly referenced.

Hint: The binding can be removed (if unused) or named `_` (if used implicitly). Alternatively, prefix the name with `_` to silence this warning:
  [apply] _hX

Note: This linter can be disabled with `set_option linter.unusedVariables false`
warning: Problem56/TwoProjection.lean:332:4: `push_neg` has been deprecated. Prefer using `push Not` instead.
If you'd rather continue using `push_neg` in your project, you can implement it as follows:
```
open Lean.Parser.Tactic in
macro "push_neg" cfg:optConfig loc:(location)? : tactic =>
  `(tactic| push $cfg:optConfig Not $[$loc]?)
```
warning: Problem56/TwoProjection.lean:481:60: This simp argument is unused:
  Sum.inr.injEq

Hint: Omit it from the simp argument list.
  [apply] simp only [pairedProjectionFamily, normalizedPairingResidualVector, PiLp.inner_apply, RCLike.inner_apply,
    conj_trivial, if_pos]

Note: This linter can be disabled with `set_option linter.unusedSimpArgs false`
warning: Problem56/TwoProjection.lean:504:61: This simp argument is unused:
  Matrix.one_mul

Hint: Omit it from the simp argument list.
  [apply] simp only [Matrix.mul_sub, Matrix.sub_mul, Matrix.mul_one, Matrix.mul_assoc]

Note: This linter can be disabled with `set_option linter.unusedSimpArgs false`
warning: Problem56/TwoProjection.lean:621:2: Used `tac1 <;> tac2` where `(tac1; tac2)` would suffice

Note: This linter can be disabled with `set_option linter.unnecessarySeqFocus false`
warning: Problem56/TwoProjection.lean:693:10: `push_neg` has been deprecated. Prefer using `push Not` instead.
If you'd rather continue using `push_neg` in your project, you can implement it as follows:
```
open Lean.Parser.Tactic in
macro "push_neg" cfg:optConfig loc:(location)? : tactic =>
  `(tactic| push $cfg:optConfig Not $[$loc]?)
```
warning: Problem56/TwoProjection.lean:958:4: This simp argument is unused:
  Submodule.toLinearEquiv_orthogonalDecomposition_symm

Hint: Omit it from the simp argument list.
  [apply] simp [Submodule.coe_prodEquivOfIsCompl', pairedProjectionSpanBasis_inl]

Note: This linter can be disabled with `set_option linter.unusedSimpArgs false`
warning: Problem56/TwoProjection.lean:959:4: This simp argument is unused:
  Submodule.coe_prodEquivOfIsCompl'

Hint: Omit it from the simp argument list.
  [apply] simp [Submodule.toLinearEquiv_orthogonalDecomposition_symm, pairedProjectionSpanBasis_inl]

Note: This linter can be disabled with `set_option linter.unusedSimpArgs false`
warning: Problem56/TwoProjection.lean:973:4: This simp argument is unused:
  Submodule.toLinearEquiv_orthogonalDecomposition_symm

Hint: Omit it from the simp argument list.
  [apply] simp [Submodule.coe_prodEquivOfIsCompl', pairedProjectionSpanBasis_inr]

Note: This linter can be disabled with `set_option linter.unusedSimpArgs false`
warning: Problem56/TwoProjection.lean:974:4: This simp argument is unused:
  Submodule.coe_prodEquivOfIsCompl'

Hint: Omit it from the simp argument list.
  [apply] simp [Submodule.toLinearEquiv_orthogonalDecomposition_symm, pairedProjectionSpanBasis_inr]

Note: This linter can be disabled with `set_option linter.unusedSimpArgs false`
warning: Problem56/TwoProjection.lean:989:4: This simp argument is unused:
  Submodule.toLinearEquiv_orthogonalDecomposition_symm

Hint: Omit it from the simp argument list.
  [apply] simp [Submodule.coe_prodEquivOfIsCompl']

Note: This linter can be disabled with `set_option linter.unusedSimpArgs false`
warning: Problem56/TwoProjection.lean:990:4: This simp argument is unused:
  Submodule.coe_prodEquivOfIsCompl'

Hint: Omit it from the simp argument list.
  [apply] simp [Submodule.toLinearEquiv_orthogonalDecomposition_symm]

Note: This linter can be disabled with `set_option linter.unusedSimpArgs false`
warning: Problem56/TwoProjection.lean:1534:48: This simp argument is unused:
  real_inner_comm

Hint: Omit it from the simp argument list.
  [apply] simp only [inner_add_right, inner_smul_right]

Note: This linter can be disabled with `set_option linter.unusedSimpArgs false`
warning: Problem56/TwoProjection.lean:1554:31: This simp argument is unused:
  real_inner_comm

Hint: Omit it from the simp argument list.
  [apply] simp only [inner_smul_right]

Note: This linter can be disabled with `set_option linter.unusedSimpArgs false`
warning: Problem56/TwoProjection.lean:1575:48: This simp argument is unused:
  real_inner_comm

Hint: Omit it from the simp argument list.
  [apply] simp only [inner_add_right, inner_smul_right]

Note: This linter can be disabled with `set_option linter.unusedSimpArgs false`
warning: Problem56/TwoProjection.lean:1593:31: This simp argument is unused:
  real_inner_comm

Hint: Omit it from the simp argument list.
  [apply] simp only [inner_smul_right]

Note: This linter can be disabled with `set_option linter.unusedSimpArgs false`
warning: Problem56/TwoProjection.lean:1978:5: Variable name `hX` is not explicitly referenced.

Hint: The binding can be removed (if unused) or named `_` (if used implicitly). Alternatively, prefix the name with `_` to silence this warning:
  [apply] _hX

Note: This linter can be disabled with `set_option linter.unusedVariables false`
warning: Problem56/TwoProjection.lean:2118:2: Try this: 
  letI̵

The goal is a proposition, so `let` is preferred over `letI`.
The difference between `let` and `letI` is that `letI` inlines the value.
But this is not relevant for proofs because of proof irrelevance.

Note: This linter can be disabled with `set_option linter.style.haveILetI false`
warning: Problem56/TwoProjection.lean:2121:2: Try this: 
  letI̵

The goal is a proposition, so `let` is preferred over `letI`.
The difference between `let` and `letI` is that `letI` inlines the value.
But this is not relevant for proofs because of proof irrelevance.

Note: This linter can be disabled with `set_option linter.style.haveILetI false`
warning: Problem56/TwoProjection.lean:2122:2: Try this: 
  letI̵

The goal is a proposition, so `let` is preferred over `letI`.
The difference between `let` and `letI` is that `letI` inlines the value.
But this is not relevant for proofs because of proof irrelevance.

Note: This linter can be disabled with `set_option linter.style.haveILetI false`
info: Problem56/TwoProjection.lean:2142:0: 'Problem56.frameProjection_isOrthogonalProjection' depends on axioms: [propext, Classical.choice, Quot.sound]
info: Problem56/TwoProjection.lean:2143:0: 'Problem56.frameCompression_isHermitian' depends on axioms: [propext, Classical.choice, Quot.sound]
info: Problem56/TwoProjection.lean:2144:0: 'Problem56.compressionEigenbasis_orthogonal' depends on axioms: [propext, Classical.choice, Quot.sound]
info: Problem56/TwoProjection.lean:2145:0: 'Problem56.compressionEigenbasis_diagonalizes' depends on axioms: [propext, Classical.choice, Quot.sound]
info: Problem56/TwoProjection.lean:2146:0: 'Problem56.rangeEigenbasis_orthonormal' depends on axioms: [propext, Classical.choice, Quot.sound]
info: Problem56/TwoProjection.lean:2147:0: 'Problem56.frameProjection_mul_rangeEigenbasis' depends on axioms: [propext, Classical.choice, Quot.sound]
info: Problem56/TwoProjection.lean:2148:0: 'Problem56.rangeEigenbasis_compresses_E_to_diagonal' depends on axioms: [propext, Classical.choice, Quot.sound]
info: Problem56/TwoProjection.lean:2149:0: 'Problem56.compressionEigenbasis_intertwines' depends on axioms: [propext, Classical.choice, Quot.sound]
info: Problem56/TwoProjection.lean:2150:0: 'Problem56.frameProjection_mul_E_mul_rangeEigenbasis' depends on axioms: [propext, Classical.choice, Quot.sound]
info: Problem56/TwoProjection.lean:2151:0: 'Problem56.frameProjection_annihilates_pairingResidual' depends on axioms: [propext, Classical.choice, Quot.sound]
info: Problem56/TwoProjection.lean:2152:0: 'Problem56.rangeEigenbasis_orthogonal_to_pairingResidual' depends on axioms: [propext, Classical.choice, Quot.sound]
info: Problem56/TwoProjection.lean:2153:0: 'Problem56.pairingResidual_gram' depends on axioms: [propext, Classical.choice, Quot.sound]
info: Problem56/TwoProjection.lean:2154:0: 'Problem56.pairingResidual_inner' depends on axioms: [propext, Classical.choice, Quot.sound]
info: Problem56/TwoProjection.lean:2155:0: 'Problem56.compressionEigenvalue_mem_unitInterval' depends on axioms: [propext, Classical.choice, Quot.sound]
info: Problem56/TwoProjection.lean:2156:0: 'Problem56.normalizedPairingResidual_inner' depends on axioms: [propext, Classical.choice, Quot.sound]
info: Problem56/TwoProjection.lean:2157:0: 'Problem56.secondProjection_mul_pairingResidual' depends on axioms: [propext, Classical.choice, Quot.sound]
info: Problem56/TwoProjection.lean:2158:0: 'Problem56.secondProjection_mul_rangeEigenbasis' depends on axioms: [propext, Classical.choice, Quot.sound]
info: Problem56/TwoProjection.lean:2159:0: 'Problem56.secondProjection_rangeEigenbasis_apply' depends on axioms: [propext, Classical.choice, Quot.sound]
info: Problem56/TwoProjection.lean:2160:0: 'Problem56.secondProjection_pairingResidual_apply' depends on axioms: [propext, Classical.choice, Quot.sound]
info: Problem56/TwoProjection.lean:2161:0: 'Problem56.twoProjectionBlock_isTwoProjectionBlockDecomposition' depends on axioms: [propext,
 Classical.choice,
 Quot.sound]
info: Problem56/TwoProjection.lean:2162:0: 'Problem56.pairedProjectionAdapted_two_block_index_card_le_twice_rank' depends on axioms: [propext,
 Classical.choice,
 Quot.sound]
info: Problem56/TwoProjection.lean:2163:0: 'Problem56.twoProjectionBlockDecomposition_exists' depends on axioms: [propext, Classical.choice, Quot.sound]
ℹ [8729/8859] Replayed Problem56.SamplingArithmetic
info: Problem56/SamplingArithmetic.lean:443:0: 'Problem56.sampling_square_bounds' depends on axioms: [propext, Classical.choice, Quot.sound]
info: Problem56/SamplingArithmetic.lean:444:0: 'Problem56.sampling_density_order' depends on axioms: [propext, Classical.choice, Quot.sound]
info: Problem56/SamplingArithmetic.lean:445:0: 'Problem56.sampling_sandwich_spectral_conversion' depends on axioms: [propext, Classical.choice, Quot.sound]
⚠ [8730/8859] Replayed Problem56.CumulantMoment
warning: Problem56/CumulantMoment.lean:45:2: Try this: 
  letI̵

The goal is a proposition, so `let` is preferred over `letI`.
The difference between `let` and `letI` is that `letI` inlines the value.
But this is not relevant for proofs because of proof irrelevance.

Note: This linter can be disabled with `set_option linter.style.haveILetI false`
warning: Problem56/CumulantMoment.lean:79:2: Try this: 
  letI̵

The goal is a proposition, so `let` is preferred over `letI`.
The difference between `let` and `letI` is that `letI` inlines the value.
But this is not relevant for proofs because of proof irrelevance.

Note: This linter can be disabled with `set_option linter.style.haveILetI false`
warning: Problem56/CumulantMoment.lean:104:2: Try this: 
  letI̵

The goal is a proposition, so `let` is preferred over `letI`.
The difference between `let` and `letI` is that `letI` inlines the value.
But this is not relevant for proofs because of proof irrelevance.

Note: This linter can be disabled with `set_option linter.style.haveILetI false`
warning: Problem56/CumulantMoment.lean:115:2: Try this: 
  letI̵

The goal is a proposition, so `let` is preferred over `letI`.
The difference between `let` and `letI` is that `letI` inlines the value.
But this is not relevant for proofs because of proof irrelevance.

Note: This linter can be disabled with `set_option linter.style.haveILetI false`
warning: Problem56/CumulantMoment.lean:231:6: Try `simp at hxb` instead of `simpa using hxb`

Note: This linter can be disabled with `set_option linter.unnecessarySimpa false`
warning: Problem56/CumulantMoment.lean:840:10: try 'simp' instead of 'simpa'

Note: This linter can be disabled with `set_option linter.unnecessarySimpa false`
warning: Problem56/CumulantMoment.lean:848:56: Variable name `ha` is not explicitly referenced.

Hint: The binding can be removed (if unused) or named `_` (if used implicitly). Alternatively, prefix the name with `_` to silence this warning:
  [apply] _ha

Note: This linter can be disabled with `set_option linter.unusedVariables false`
warning: Problem56/CumulantMoment.lean:945:56: Variable name `ha` is not explicitly referenced.

Hint: The binding can be removed (if unused) or named `_` (if used implicitly). Alternatively, prefix the name with `_` to silence this warning:
  [apply] _ha

Note: This linter can be disabled with `set_option linter.unusedVariables false`
warning: Problem56/CumulantMoment.lean:1234:4: Try this: 
  letI̵

The goal is a proposition, so `let` is preferred over `letI`.
The difference between `let` and `letI` is that `letI` inlines the value.
But this is not relevant for proofs because of proof irrelevance.

Note: This linter can be disabled with `set_option linter.style.haveILetI false`
warning: Problem56/CumulantMoment.lean:1317:13: This simp argument is unused:
  Nat.add_sub_cancel

Hint: Omit it from the simp argument list.
  [apply] simp only [Nat.succ_sub_one, pow_succ, Nat.factorial_succ, Nat.cast_mul, Nat.cast_add, Nat.cast_one]

Note: This linter can be disabled with `set_option linter.unusedSimpArgs false`
warning: Problem56/CumulantMoment.lean:1421:2: Try this: 
  letI̵

The goal is a proposition, so `let` is preferred over `letI`.
The difference between `let` and `letI` is that `letI` inlines the value.
But this is not relevant for proofs because of proof irrelevance.

Note: This linter can be disabled with `set_option linter.style.haveILetI false`
warning: Problem56/CumulantMoment.lean:1543:6: Try `simp at hxU` instead of `simpa using hxU`

Note: This linter can be disabled with `set_option linter.unnecessarySimpa false`
warning: Problem56/CumulantMoment.lean:1640:6: Try `simp at hBG` instead of `simpa using hBG`

Note: This linter can be disabled with `set_option linter.unnecessarySimpa false`
warning: Problem56/CumulantMoment.lean:1791:2: Try this: 
  letI̵

The goal is a proposition, so `let` is preferred over `letI`.
The difference between `let` and `letI` is that `letI` inlines the value.
But this is not relevant for proofs because of proof irrelevance.

Note: This linter can be disabled with `set_option linter.style.haveILetI false`
warning: Problem56/CumulantMoment.lean:1941:6: Try this: 
  letI̵

The goal is a proposition, so `let` is preferred over `letI`.
The difference between `let` and `letI` is that `letI` inlines the value.
But this is not relevant for proofs because of proof irrelevance.

Note: This linter can be disabled with `set_option linter.style.haveILetI false`
⚠ [8731/8859] Replayed Problem56.ProjectionMean
warning: Problem56/ProjectionMean.lean:189:10: This simp argument is unused:
  hcard

Hint: Omit it from the simp argument list.
  [apply] simp

Note: This linter can be disabled with `set_option linter.unusedSimpArgs false`
warning: Problem56/ProjectionMean.lean:387:8: This simp argument is unused:
  replaceCoordinate

Hint: Omit it from the simp argument list.
  [apply] simp [hja]

Note: This linter can be disabled with `set_option linter.unusedSimpArgs false`
info: Problem56/ProjectionMean.lean:800:0: 'Problem56.uniformExpectation_signValue_pair' depends on axioms: [propext, Classical.choice, Quot.sound]
info: Problem56/ProjectionMean.lean:801:0: 'Problem56.signPairExpectation_signValue_pairs' depends on axioms: [propext, Classical.choice, Quot.sound]
info: Problem56/ProjectionMean.lean:802:0: 'Problem56.randomProjection_mean_entry' depends on axioms: [propext, Classical.choice, Quot.sound]
info: Problem56/ProjectionMean.lean:803:0: 'Problem56.randomProjection_centered_mean_entry' depends on axioms: [propext, Classical.choice, Quot.sound]
info: Problem56/ProjectionMean.lean:804:0: 'Problem56.projection_mean_and_centering' depends on axioms: [propext, Classical.choice, Quot.sound]
⚠ [8733/8859] Replayed Problem56.TwoProjectionTransfer
warning: Problem56/TwoProjectionTransfer.lean:97:26: This simp argument is unused:
  Matrix.one_apply

Hint: Omit it from the simp argument list.
  [apply] simp [pow_two, Matrix.mul_apply, Fin.sum_univ_two, Matrix.trace_fin_two, Matrix.det_fin_two]

Note: This linter can be disabled with `set_option linter.unusedSimpArgs false`
warning: Problem56/TwoProjectionTransfer.lean:426:46: `Matrix.reindexAlgEquiv_apply` has been deprecated: Use `Matrix.coe_reindexAlgEquiv` instead

Note: The updated constant has a different type:
  ∀ {m : Type u_2} {n : Type u_3} (R : Type u_11) (A : Type u_12) [inst : CommSemiring R] [inst_1 : Fintype n]
    [inst_2 : Fintype m] [inst_3 : DecidableEq m] [inst_4 : DecidableEq n] [inst_5 : Semiring A] [inst_6 : Algebra R A]
    (e : m ≃ n), ⇑(Matrix.reindexAlgEquiv R A e) = ⇑(Matrix.reindex e e)
instead of
  ∀ {m : Type u_2} {n : Type u_3} (R : Type u_11) (A : Type u_12) [inst : CommSemiring R] [inst_1 : Fintype n]
    [inst_2 : Fintype m] [inst_3 : DecidableEq m] [inst_4 : DecidableEq n] [inst_5 : Semiring A] [inst_6 : Algebra R A]
    (e : m ≃ n) (M : Matrix m m A), (Matrix.reindexAlgEquiv R A e) M = (Matrix.reindex e e) M
warning: Problem56/TwoProjectionTransfer.lean:514:52: This simp argument is unused:
  hji

Hint: Omit it from the simp argument list.
  [apply] simp [Matrix.one_apply, he01, Ne.symm he01, hPij, hPji, hEij, hEji, hdiag, twoProjectionPairTransferMatrix]

Note: This linter can be disabled with `set_option linter.unusedSimpArgs false`
warning: Problem56/TwoProjectionTransfer.lean:557:52: This simp argument is unused:
  hji

Hint: Omit it from the simp argument list.
  [apply] simp [Matrix.one_apply, he01, Ne.symm he01, hPij, hPji, hEij, hEji, hdiag, twoProjectionPairTransferMatrix]

Note: This linter can be disabled with `set_option linter.unusedSimpArgs false`
warning: Problem56/TwoProjectionTransfer.lean:515:47: this tactic is never executed

Note: This linter can be disabled with `set_option linter.unreachableTactic false`
warning: Problem56/TwoProjectionTransfer.lean:558:47: this tactic is never executed

Note: This linter can be disabled with `set_option linter.unreachableTactic false`
warning: Problem56/TwoProjectionTransfer.lean:515:47: Unused tactic linter: `ring` does nothing

Note: This linter can be disabled with `set_option linter.unusedTactic false`
warning: Problem56/TwoProjectionTransfer.lean:558:47: Unused tactic linter: `ring` does nothing

Note: This linter can be disabled with `set_option linter.unusedTactic false`
warning: Problem56/TwoProjectionTransfer.lean:623:54: this tactic is never executed

Note: This linter can be disabled with `set_option linter.unreachableTactic false`
warning: Problem56/TwoProjectionTransfer.lean:623:54: Unused tactic linter: `ring` does nothing

Note: This linter can be disabled with `set_option linter.unusedTactic false`
warning: Problem56/TwoProjectionTransfer.lean:648:2: Try this: 
  letI̵

The goal is a proposition, so `let` is preferred over `letI`.
The difference between `let` and `letI` is that `letI` inlines the value.
But this is not relevant for proofs because of proof irrelevance.

Note: This linter can be disabled with `set_option linter.style.haveILetI false`
warning: Problem56/TwoProjectionTransfer.lean:666:2: Try this: 
  letI̵

The goal is a proposition, so `let` is preferred over `letI`.
The difference between `let` and `letI` is that `letI` inlines the value.
But this is not relevant for proofs because of proof irrelevance.

Note: This linter can be disabled with `set_option linter.style.haveILetI false`
warning: Problem56/TwoProjectionTransfer.lean:710:2: Try this: 
  letI̵

The goal is a proposition, so `let` is preferred over `letI`.
The difference between `let` and `letI` is that `letI` inlines the value.
But this is not relevant for proofs because of proof irrelevance.

Note: This linter can be disabled with `set_option linter.style.haveILetI false`
warning: Problem56/TwoProjectionTransfer.lean:729:47: This simp argument is unused:
  Matrix.one_apply

Hint: Omit it from the simp argument list.
  [apply] simp [ii, matrixBlock_apply, hPii, hEii]

Note: This linter can be disabled with `set_option linter.unusedSimpArgs false`
warning: Problem56/TwoProjectionTransfer.lean:828:53: try 'simp' instead of 'simpa'

Note: This linter can be disabled with `set_option linter.unnecessarySimpa false`
warning: Problem56/TwoProjectionTransfer.lean:931:53: try 'simp' instead of 'simpa'

Note: This linter can be disabled with `set_option linter.unnecessarySimpa false`
warning: Problem56/TwoProjectionTransfer.lean:1027:39: This simp argument is unused:
  Matrix.one_mul

Hint: Omit it from the simp argument list.
  [apply] simp only [M, d, Matrix.mul_sub, Matrix.sub_mul, Matrix.mul_smul, Matrix.smul_mul, Matrix.mul_one,
    Matrix.mul_assoc]

Note: This linter can be disabled with `set_option linter.unusedSimpArgs false`
warning: Problem56/TwoProjectionTransfer.lean:1089:2: Try this: 
  letI̵

The goal is a proposition, so `let` is preferred over `letI`.
The difference between `let` and `letI` is that `letI` inlines the value.
But this is not relevant for proofs because of proof irrelevance.

Note: This linter can be disabled with `set_option linter.style.haveILetI false`
warning: Problem56/TwoProjectionTransfer.lean:1092:2: Try this: 
  letI̵

The goal is a proposition, so `let` is preferred over `letI`.
The difference between `let` and `letI` is that `letI` inlines the value.
But this is not relevant for proofs because of proof irrelevance.

Note: This linter can be disabled with `set_option linter.style.haveILetI false`
warning: Problem56/TwoProjectionTransfer.lean:1093:2: Try this: 
  letI̵

The goal is a proposition, so `let` is preferred over `letI`.
The difference between `let` and `letI` is that `letI` inlines the value.
But this is not relevant for proofs because of proof irrelevance.

Note: This linter can be disabled with `set_option linter.style.haveILetI false`
warning: Problem56/TwoProjectionTransfer.lean:1186:38: Used `tac1 <;> tac2` where `(tac1; tac2)` would suffice

Note: This linter can be disabled with `set_option linter.unnecessarySeqFocus false`
info: Problem56/TwoProjectionTransfer.lean:1239:0: 'Problem56.exists_compressionEigenvalue_deviation_of_operatorNorm_gt' depends on axioms: [propext,
 Classical.choice,
 Quot.sound]
info: Problem56/TwoProjectionTransfer.lean:1240:0: 'Problem56.exists_twoProjection_bad_block_trace_gt' depends on axioms: [propext, Classical.choice, Quot.sound]
info: Problem56/TwoProjectionTransfer.lean:1241:0: 'Problem56.two_projection_spectral_transfer_proof' depends on axioms: [propext, Classical.choice, Quot.sound]
⚠ [8734/8859] Replayed Problem56.ProductCumulant
warning: Problem56/ProductCumulant.lean:418:4: Try this: 
  letI̵

The goal is a proposition, so `let` is preferred over `letI`.
The difference between `let` and `letI` is that `letI` inlines the value.
But this is not relevant for proofs because of proof irrelevance.

Note: This linter can be disabled with `set_option linter.style.haveILetI false`
warning: Problem56/ProductCumulant.lean:396:4: Unused tactic linter: `change
  (∏ C ∈ P.parts, uniformExpectation (fun ω ↦ ∏ j ∈ C, Y j ω)) =
    ∏ B ∈ (Finset.univ : Finset P.parts), uniformExpectation (fun ω ↦ ∏ j : B.1, Y j.1 ω)` does nothing

Note: This linter can be disabled with `set_option linter.unusedTactic false`
warning: Problem56/ProductCumulant.lean:729:12: Unused tactic linter: `change σ ≤ coarsenFromBlockPartition τ (blockPartitionOfCoarsening τ Pτ)` does nothing

Note: This linter can be disabled with `set_option linter.unusedTactic false`
warning: Problem56/ProductCumulant.lean:780:2: Try this: 
  letI̵

The goal is a proposition, so `let` is preferred over `letI`.
The difference between `let` and `letI` is that `letI` inlines the value.
But this is not relevant for proofs because of proof irrelevance.

Note: This linter can be disabled with `set_option linter.style.haveILetI false`
warning: Problem56/ProductCumulant.lean:797:4: Try this: 
  letI̵

The goal is a proposition, so `let` is preferred over `letI`.
The difference between `let` and `letI` is that `letI` inlines the value.
But this is not relevant for proofs because of proof irrelevance.

Note: This linter can be disabled with `set_option linter.style.haveILetI false`
warning: Problem56/ProductCumulant.lean:800:4: Try this: 
  letI̵

The goal is a proposition, so `let` is preferred over `letI`.
The difference between `let` and `letI` is that `letI` inlines the value.
But this is not relevant for proofs because of proof irrelevance.

Note: This linter can be disabled with `set_option linter.style.haveILetI false`
warning: Problem56/ProductCumulant.lean:836:2: Try this: 
  letI̵

The goal is a proposition, so `let` is preferred over `letI`.
The difference between `let` and `letI` is that `letI` inlines the value.
But this is not relevant for proofs because of proof irrelevance.

Note: This linter can be disabled with `set_option linter.style.haveILetI false`
warning: Problem56/ProductCumulant.lean:859:4: Try this: 
  letI̵

The goal is a proposition, so `let` is preferred over `letI`.
The difference between `let` and `letI` is that `letI` inlines the value.
But this is not relevant for proofs because of proof irrelevance.

Note: This linter can be disabled with `set_option linter.style.haveILetI false`
warning: Problem56/ProductCumulant.lean:868:4: Try this: 
  letI̵

The goal is a proposition, so `let` is preferred over `letI`.
The difference between `let` and `letI` is that `letI` inlines the value.
But this is not relevant for proofs because of proof irrelevance.

Note: This linter can be disabled with `set_option linter.style.haveILetI false`
⚠ [8735/8859] Replayed Problem56.RademacherCumulant
warning: Problem56/RademacherCumulant.lean:95:8: Variable name `j` is not explicitly referenced.

Hint: The binding can be removed (if unused) or named `_` (if used implicitly). Alternatively, prefix the name with `_` to silence this warning:
  [apply] _j

Note: This linter can be disabled with `set_option linter.unusedVariables false`
warning: Problem56/RademacherCumulant.lean:106:8: Variable name `j` is not explicitly referenced.

Hint: The binding can be removed (if unused) or named `_` (if used implicitly). Alternatively, prefix the name with `_` to silence this warning:
  [apply] _j

Note: This linter can be disabled with `set_option linter.unusedVariables false`
info: Problem56/RademacherCumulant.lean:239:0: 'Problem56.card_finpartition_univ_le_self_pow' depends on axioms: [propext, Classical.choice, Quot.sound]
info: Problem56/RademacherCumulant.lean:240:0: '_private.Problem56.RademacherCumulant.0.Problem56.abs_jointCumulant_rademacher_le' depends on axioms: [propext,
 Classical.choice,
 Quot.sound]
info: Problem56/RademacherCumulant.lean:241:0: 'Problem56.rademacher_cumulant_bound' depends on axioms: [propext, Classical.choice, Quot.sound]
ℹ [8736/8859] Replayed Problem56.RademacherFourthMoment
info: Problem56/RademacherFourthMoment.lean:335:0: 'Problem56.uniformExpectation_signValue_four' depends on axioms: [propext, Classical.choice, Quot.sound]
info: Problem56/RademacherFourthMoment.lean:336:0: 'Problem56.rademacher_vector_fourth_moment' depends on axioms: [propext, Classical.choice, Quot.sound]
⚠ [8737/8859] Replayed Problem56.MixedCumulant
warning: Problem56/MixedCumulant.lean:15:15: Variable name `hab` is not explicitly referenced.

Hint: The binding can be removed (if unused) or named `_` (if used implicitly). Alternatively, prefix the name with `_` to silence this warning:
  [apply] _hab

Note: This linter can be disabled with `set_option linter.unusedVariables false`
warning: Problem56/MixedCumulant.lean:62:15: Variable name `hab` is not explicitly referenced.

Hint: The binding can be removed (if unused) or named `_` (if used implicitly). Alternatively, prefix the name with `_` to silence this warning:
  [apply] _hab

Note: This linter can be disabled with `set_option linter.unusedVariables false`
warning: Problem56/MixedCumulant.lean:212:10: This simp argument is unused:
  hab

Hint: Omit it from the simp argument list.
  [apply] simp

Note: This linter can be disabled with `set_option linter.unusedSimpArgs false`
warning: Problem56/MixedCumulant.lean:311:23: Variable name `hB` is not explicitly referenced.

Hint: The binding can be removed (if unused) or named `_` (if used implicitly). Alternatively, prefix the name with `_` to silence this warning:
  [apply] _hB

Note: This linter can be disabled with `set_option linter.unusedVariables false`
warning: Problem56/MixedCumulant.lean:334:2: Try this: 
  letI̵

The goal is a proposition, so `let` is preferred over `letI`.
The difference between `let` and `letI` is that `letI` inlines the value.
But this is not relevant for proofs because of proof irrelevance.

Note: This linter can be disabled with `set_option linter.style.haveILetI false`
warning: Problem56/MixedCumulant.lean:499:11: Variable name `j` is not explicitly referenced.

Hint: The binding can be removed (if unused) or named `_` (if used implicitly). Alternatively, prefix the name with `_` to silence this warning:
  [apply] _j

Note: This linter can be disabled with `set_option linter.unusedVariables false`
warning: Problem56/MixedCumulant.lean:604:2: Try this: 
  letI̵

The goal is a proposition, so `let` is preferred over `letI`.
The difference between `let` and `letI` is that `letI` inlines the value.
But this is not relevant for proofs because of proof irrelevance.

Note: This linter can be disabled with `set_option linter.style.haveILetI false`
⚠ [8738/8859] Replayed Problem56.FinalWidth
warning: Problem56/FinalWidth.lean:96:19: Variable name `hε` is not explicitly referenced.

Hint: The binding can be removed (if unused) or named `_` (if used implicitly). Alternatively, prefix the name with `_` to silence this warning:
  [apply] _hε

Note: This linter can be disabled with `set_option linter.unusedVariables false`
info: Problem56/FinalWidth.lean:247:0: '_private.Problem56.FinalWidth.0.Problem56.exponential_remainder_lt' depends on axioms: [propext,
 Classical.choice,
 Quot.sound]
info: Problem56/FinalWidth.lean:248:0: 'Problem56.final_width_constant_assembly' depends on axioms: [propext, Classical.choice, Quot.sound]
ℹ [8740/8859] Replayed Problem56.JointEntryCumulant
info: Problem56/JointEntryCumulant.lean:2815:0: 'Problem56.jointCumulantOn_sum_family' depends on axioms: [propext, Classical.choice, Quot.sound]
info: Problem56/JointEntryCumulant.lean:2816:0: 'Problem56.joint_entry_cumulant_vanish' depends on axioms: [propext, Classical.choice, Quot.sound]
info: Problem56/JointEntryCumulant.lean:2817:0: 'Problem56.joint_entry_projection_mean' depends on axioms: [propext, Classical.choice, Quot.sound]
info: Problem56/JointEntryCumulant.lean:2818:0: 'Problem56.joint_entry_label_expansion' depends on axioms: [propext, Classical.choice, Quot.sound]
info: Problem56/JointEntryCumulant.lean:2819:0: 'Problem56.joint_entry_sign_connected_partition_expansion' depends on axioms: [propext, Classical.choice, Quot.sound]
info: Problem56/JointEntryCumulant.lean:2820:0: 'Problem56.joint_entry_sign_evaluated_partition_expansion' depends on axioms: [propext, Classical.choice, Quot.sound]
info: Problem56/JointEntryCumulant.lean:2821:0: 'Problem56.hasJointEntryOccurrenceExpansion' depends on axioms: [propext, Classical.choice, Quot.sound]
info: Problem56/JointEntryCumulant.lean:2822:0: 'Problem56.joint_entry_cumulant_bound' depends on axioms: [propext, Classical.choice, Quot.sound]
info: Problem56/JointEntryCumulant.lean:2823:0: 'Problem56.joint_entry_cumulant_assembly' depends on axioms: [propext, Classical.choice, Quot.sound]
info: Problem56/JointEntryCumulant.lean:2824:0: 'Problem56.joint_entry_cumulant_bound_of_occurrence_expansion' depends on axioms: [propext,
 Classical.choice,
 Quot.sound]
info: Problem56/JointEntryCumulant.lean:2825:0: 'Problem56.joint_entry_cumulant_assembly_of_occurrence_expansion' depends on axioms: [propext,
 Classical.choice,
 Quot.sound]
⚠ [8744/8859] Replayed Problem56.SmallRankSecondMoment
warning: Problem56/SmallRankSecondMoment.lean:369:4: Try this: 
  letI̵

The goal is a proposition, so `let` is preferred over `letI`.
The difference between `let` and `letI` is that `letI` inlines the value.
But this is not relevant for proofs because of proof irrelevance.

Note: This linter can be disabled with `set_option linter.style.haveILetI false`
warning: Problem56/SmallRankSecondMoment.lean:496:2: Try this: 
  letI̵

The goal is a proposition, so `let` is preferred over `letI`.
The difference between `let` and `letI` is that `letI` inlines the value.
But this is not relevant for proofs because of proof irrelevance.

Note: This linter can be disabled with `set_option linter.style.haveILetI false`
info: Problem56/SmallRankSecondMoment.lean:598:0: 'Problem56.transformedFrame_orthonormal' depends on axioms: [propext, Classical.choice, Quot.sound]
info: Problem56/SmallRankSecondMoment.lean:599:0: 'Problem56.small_rank_second_moment_of_gram_reduction' depends on axioms: [propext, Classical.choice, Quot.sound]
ℹ [8746/8859] Replayed Problem56.ThreeCategoryOrderCoupling
info: Problem56/ThreeCategoryOrderCoupling.lean:1107:0: 'Problem56.ThreeCategoryOrder.lower_assignment_marginal' depends on axioms: [propext, Classical.choice, Quot.sound]
info: Problem56/ThreeCategoryOrderCoupling.lean:1108:0: 'Problem56.ThreeCategoryOrder.plus_assignment_marginal' depends on axioms: [propext, Classical.choice, Quot.sound]
info: Problem56/ThreeCategoryOrderCoupling.lean:1109:0: 'Problem56.ThreeCategoryOrder.orderedFixedSubset_is_firstK' depends on axioms: [propext, Classical.choice, Quot.sound]
info: Problem56/ThreeCategoryOrderCoupling.lean:1110:0: 'Problem56.ThreeCategoryOrder.outputOrder_uniform_marginal' depends on axioms: [propext, Classical.choice, Quot.sound]
info: Problem56/ThreeCategoryOrderCoupling.lean:1111:0: 'Problem56.ThreeCategoryOrder.orderedFixedSubset_conditional_support' depends on axioms: [propext,
 Classical.choice,
 Quot.sound]
info: Problem56/ThreeCategoryOrderCoupling.lean:1112:0: 'Problem56.ThreeCategoryOrder.threeCategoryOrderCoupling_fixedSubset_marginal' depends on axioms: [propext,
 Classical.choice,
 Quot.sound]
info: Problem56/ThreeCategoryOrderCoupling.lean:1113:0: 'Problem56.ThreeCategoryOrder.uniform_key_nested_coupling_via_three_category' depends on axioms: [propext,
 Classical.choice,
 Quot.sound]
⚠ [8748/8859] Replayed Problem56.EqualityDegreeFour
warning: Problem56/EqualityDegreeFour.lean:302:2: Try this: 
  letI̵

The goal is a proposition, so `let` is preferred over `letI`.
The difference between `let` and `letI` is that `letI` inlines the value.
But this is not relevant for proofs because of proof irrelevance.

Note: This linter can be disabled with `set_option linter.style.haveILetI false`
warning: Problem56/EqualityDegreeFour.lean:475:2: Try this: 
  letI̵

The goal is a proposition, so `let` is preferred over `letI`.
The difference between `let` and `letI` is that `letI` inlines the value.
But this is not relevant for proofs because of proof irrelevance.

Note: This linter can be disabled with `set_option linter.style.haveILetI false`
warning: Problem56/EqualityDegreeFour.lean:517:2: Try this: 
  letI̵

The goal is a proposition, so `let` is preferred over `letI`.
The difference between `let` and `letI` is that `letI` inlines the value.
But this is not relevant for proofs because of proof irrelevance.

Note: This linter can be disabled with `set_option linter.style.haveILetI false`
warning: Problem56/EqualityDegreeFour.lean:542:2: Try this: 
  letI̵

The goal is a proposition, so `let` is preferred over `letI`.
The difference between `let` and `letI` is that `letI` inlines the value.
But this is not relevant for proofs because of proof irrelevance.

Note: This linter can be disabled with `set_option linter.style.haveILetI false`
warning: Problem56/EqualityDegreeFour.lean:545:2: Try this: 
  letI̵

The goal is a proposition, so `let` is preferred over `letI`.
The difference between `let` and `letI` is that `letI` inlines the value.
But this is not relevant for proofs because of proof irrelevance.

Note: This linter can be disabled with `set_option linter.style.haveILetI false`
warning: Problem56/EqualityDegreeFour.lean:779:32: Variable name `hBfour` is not explicitly referenced.

Hint: The binding can be removed (if unused) or named `_` (if used implicitly). Alternatively, prefix the name with `_` to silence this warning:
  [apply] _hBfour

Note: This linter can be disabled with `set_option linter.unusedVariables false`
warning: Problem56/EqualityDegreeFour.lean:890:2: Try this: 
  letI̵

The goal is a proposition, so `let` is preferred over `letI`.
The difference between `let` and `letI` is that `letI` inlines the value.
But this is not relevant for proofs because of proof irrelevance.

Note: This linter can be disabled with `set_option linter.style.haveILetI false`
warning: Problem56/EqualityDegreeFour.lean:907:6: `push_neg` has been deprecated. Prefer using `push Not` instead.
If you'd rather continue using `push_neg` in your project, you can implement it as follows:
```
open Lean.Parser.Tactic in
macro "push_neg" cfg:optConfig loc:(location)? : tactic =>
  `(tactic| push $cfg:optConfig Not $[$loc]?)
```
warning: Problem56/EqualityDegreeFour.lean:1091:2: Try this: 
  letI̵

The goal is a proposition, so `let` is preferred over `letI`.
The difference between `let` and `letI` is that `letI` inlines the value.
But this is not relevant for proofs because of proof irrelevance.

Note: This linter can be disabled with `set_option linter.style.haveILetI false`
warning: Problem56/EqualityDegreeFour.lean:1114:4: Try this: 
  letI̵

The goal is a proposition, so `let` is preferred over `letI`.
The difference between `let` and `letI` is that `letI` inlines the value.
But this is not relevant for proofs because of proof irrelevance.

Note: This linter can be disabled with `set_option linter.style.haveILetI false`
info: Problem56/EqualityDegreeFour.lean:1256:0: 'Problem56.degree_four_classification_and_loop_bound' depends on axioms: [propext, Classical.choice, Quot.sound]
ℹ [8749/8859] Replayed Problem56.FixedSizeSamplingTransfer
info: Problem56/FixedSizeSamplingTransfer.lean:747:0: 'Problem56.fixed_size_sampling_transfer_proof' depends on axioms: [propext, Classical.choice, Quot.sound]
⚠ [8751/8859] Replayed Problem56.AggregatePartitionCumulant
warning: Problem56/AggregatePartitionCumulant.lean:46:27: Try `simp at h` instead of `simpa using h`

Note: This linter can be disabled with `set_option linter.unnecessarySimpa false`
warning: Problem56/AggregatePartitionCumulant.lean:402:52: This simp argument is unused:
  Nat.mul_comm

Hint: Omit it from the simp argument list.
  [apply] simp [Finset.card_erase_of_mem hx, hcard]

Note: This linter can be disabled with `set_option linter.unusedSimpArgs false`
warning: Problem56/AggregatePartitionCumulant.lean:2252:5: Variable name `hd` is not explicitly referenced.

Hint: The binding can be removed (if unused) or named `_` (if used implicitly). Alternatively, prefix the name with `_` to silence this warning:
  [apply] _hd

Note: This linter can be disabled with `set_option linter.unusedVariables false`
info: Problem56/AggregatePartitionCumulant.lean:2359:0: 'Problem56.pairing_card_sharp_bound' depends on axioms: [propext, Classical.choice, Quot.sound]
info: Problem56/AggregatePartitionCumulant.lean:2360:0: 'Problem56.pairing_univ_card_sharp_bound' depends on axioms: [propext, Classical.choice, Quot.sound]
info: Problem56/AggregatePartitionCumulant.lean:2361:0: 'Problem56.pairing_card_parallel_bound' depends on axioms: [propext, Classical.choice, Quot.sound]
info: Problem56/AggregatePartitionCumulant.lean:2362:0: 'Problem56.aggregate_partition_cumulant_bound' depends on axioms: [propext, Classical.choice, Quot.sound]
⚠ [8752/8859] Replayed Problem56.TraceCyclicExpansion
warning: Problem56/TraceCyclicExpansion.lean:43:8: automatically included section variable(s) unused in theorem `Problem56.matrixPathWeight_zero`:
  [Fintype α]
  [DecidableEq α]
consider restructuring your `variable` declarations so that the variables are not in scope or explicitly omit them:
  omit [Fintype α] [DecidableEq α] in theorem ...

Note: This linter can be disabled with `set_option linter.unusedSectionVars false`
warning: Problem56/TraceCyclicExpansion.lean:47:8: automatically included section variable(s) unused in theorem `Problem56.matrixPathWeight_succ`:
  [Fintype α]
  [DecidableEq α]
consider restructuring your `variable` declarations so that the variables are not in scope or explicitly omit them:
  omit [Fintype α] [DecidableEq α] in theorem ...

Note: This linter can be disabled with `set_option linter.unusedSectionVars false`
warning: Problem56/TraceCyclicExpansion.lean:201:31: This simp argument is unused:
  centeredBernoulliValue

Hint: Omit it from the simp argument list.
  [apply] simp [bernoulliProjection, hij]

Note: This linter can be disabled with `set_option linter.unusedSimpArgs false`
info: Problem56/TraceCyclicExpansion.lean:217:0: 'Problem56.matrix_pow_succ_apply_eq_sum_pathWeight' depends on axioms: [propext, Classical.choice, Quot.sound]
info: Problem56/TraceCyclicExpansion.lean:218:0: 'Problem56.trace_pow_succ_eq_sum_rootedCyclicMatrixMonomial' depends on axioms: [propext, Classical.choice, Quot.sound]
info: Problem56/TraceCyclicExpansion.lean:219:0: 'Problem56.rootedCyclicMatrixMonomial_eq_prod' depends on axioms: [propext, Classical.choice, Quot.sound]
info: Problem56/TraceCyclicExpansion.lean:220:0: 'Problem56.trace_centeredSelector_product_pow_expansion' depends on axioms: [propext, Classical.choice, Quot.sound]
ℹ [8753/8859] Replayed Problem56.SignedTraceSummation
info: Problem56/SignedTraceSummation.lean:54:0: 'Problem56.signedTrace_bound_of_master_geometric_bound' depends on axioms: [propext, Classical.choice, Quot.sound]
⚠ [8755/8859] Replayed Problem56.ContractedCoreEuler
warning: Problem56/ContractedCoreEuler.lean:186:2: Try this: 
  letI̵

The goal is a proposition, so `let` is preferred over `letI`.
The difference between `let` and `letI` is that `letI` inlines the value.
But this is not relevant for proofs because of proof irrelevance.

Note: This linter can be disabled with `set_option linter.style.haveILetI false`
info: Problem56/ContractedCoreEuler.lean:229:0: 'Problem56.equalityPortsAt_card' depends on axioms: [propext, Classical.choice, Quot.sound]
info: Problem56/ContractedCoreEuler.lean:230:0: 'Problem56.equalityRetainedPorts_card' depends on axioms: [propext, Classical.choice, Quot.sound]
info: Problem56/ContractedCoreEuler.lean:231:0: 'Problem56.equalityRetainedPorts_card_le_of_terminal_port_budget' depends on axioms: [propext,
 Classical.choice,
 Quot.sound]
info: Problem56/ContractedCoreEuler.lean:232:0: 'Problem56.equality_loop_has_two_distinct_ports' depends on axioms: [propext, Classical.choice, Quot.sound]
info: Problem56/ContractedCoreEuler.lean:233:0: 'Problem56.equality_ports_ne_of_edge_ne' does not depend on any axioms
info: Problem56/ContractedCoreEuler.lean:234:0: 'Problem56.oriented_tail_head_halfEdges_ne' depends on axioms: [propext]
info: Problem56/ContractedCoreEuler.lean:235:0: 'Problem56.equalityGraph_indexedEulerCircuit' depends on axioms: [propext, Classical.choice, Quot.sound]
info: Problem56/ContractedCoreEuler.lean:236:0: 'Problem56.equalityGraph_nonempty_indexedEulerCircuit' depends on axioms: [propext, Classical.choice, Quot.sound]
⚠ [8756/8859] Replayed Problem56.ContractedCorePairingCode
warning: Problem56/ContractedCorePairingCode.lean:131:45: Variable name `p` is not explicitly referenced.

Hint: The binding can be removed (if unused) or named `_` (if used implicitly). Alternatively, prefix the name with `_` to silence this warning:
  [apply] _p

Note: This linter can be disabled with `set_option linter.unusedVariables false`
warning: Problem56/ContractedCorePairingCode.lean:153:34: Variable name `p` is not explicitly referenced.

Hint: The binding can be removed (if unused) or named `_` (if used implicitly). Alternatively, prefix the name with `_` to silence this warning:
  [apply] _p

Note: This linter can be disabled with `set_option linter.unusedVariables false`
info: Problem56/ContractedCorePairingCode.lean:441:0: 'Problem56.contractedCorePairingEmbedding' depends on axioms: [propext, Classical.choice, Quot.sound]
info: Problem56/ContractedCorePairingCode.lean:442:0: 'Problem56.contractedCorePairingEmbeddingOfCard' depends on axioms: [propext, Classical.choice, Quot.sound]
ℹ [8757/8859] Replayed Problem56.ContractedCoreWordReconstruction
info: Problem56/ContractedCoreWordReconstruction.lean:86:0: 'Problem56.finpartition_eq_of_started_cyclic_dynamics' depends on axioms: [propext, Classical.choice, Quot.sound]
info: Problem56/ContractedCoreWordReconstruction.lean:87:0: 'Problem56.finpartition_eq_of_started_cyclic_dynamics_of_pos' depends on axioms: [propext, Classical.choice, Quot.sound]
⚠ [8760/8859] Replayed Problem56.PaperV6.ContinuousCouplingBasics
warning: Problem56/PaperV6/ContinuousCouplingBasics.lean:26:43: Variable name `hθ0` is not explicitly referenced.

Hint: The binding can be removed (if unused) or named `_` (if used implicitly). Alternatively, prefix the name with `_` to silence this warning:
  [apply] _hθ0

Note: This linter can be disabled with `set_option linter.unusedVariables false`
warning: Problem56/PaperV6/ContinuousCouplingBasics.lean:40:57: Variable name `hθ1` is not explicitly referenced.

Hint: The binding can be removed (if unused) or named `_` (if used implicitly). Alternatively, prefix the name with `_` to silence this warning:
  [apply] _hθ1

Note: This linter can be disabled with `set_option linter.unusedVariables false`
warning: Problem56/PaperV6/ContinuousCouplingBasics.lean:61:27: This simp argument is unused:
  he

Hint: Omit it from the simp argument list.
  [apply] simp [not_le]

Note: This linter can be disabled with `set_option linter.unusedSimpArgs false`
warning: Problem56/PaperV6/ContinuousCouplingBasics.lean:88:10: This simp argument is unused:
  he

Hint: Omit it from the simp argument list.
  [apply] simp [continuousUnitUniform_Ioi θ hθ0 hθ1, ENNReal.toReal_ofReal, sub_nonneg.mpr hθ1]

Note: This linter can be disabled with `set_option linter.unusedSimpArgs false`
warning: Problem56/PaperV6/ContinuousCouplingBasics.lean:90:10: This simp argument is unused:
  he

Hint: Omit it from the simp argument list.
  [apply] simp [continuousUnitUniform_Iic θ hθ0 hθ1, ENNReal.toReal_ofReal, hθ0]

Note: This linter can be disabled with `set_option linter.unusedSimpArgs false`
⚠ [8762/8859] Replayed Problem56.PaperV6.ContinuousCouplingSelection
warning: Problem56/PaperV6/ContinuousCouplingSelection.lean:19:2: Try this: 
  letI̵

The goal is a proposition, so `let` is preferred over `letI`.
The difference between `let` and `letI` is that `letI` inlines the value.
But this is not relevant for proofs because of proof irrelevance.

Note: This linter can be disabled with `set_option linter.style.haveILetI false`
warning: Problem56/PaperV6/ContinuousCouplingSelection.lean:57:2: Try this: 
  letI̵

The goal is a proposition, so `let` is preferred over `letI`.
The difference between `let` and `letI` is that `letI` inlines the value.
But this is not relevant for proofs because of proof irrelevance.

Note: This linter can be disabled with `set_option linter.style.haveILetI false`
⚠ [8763/8859] Replayed Problem56.PaperV6.ContinuousCoupling
warning: Problem56/PaperV6/ContinuousCoupling.lean:70:2: Try this: 
  letI̵

The goal is a proposition, so `let` is preferred over `letI`.
The difference between `let` and `letI` is that `letI` inlines the value.
But this is not relevant for proofs because of proof irrelevance.

Note: This linter can be disabled with `set_option linter.style.haveILetI false`
⚠ [8767/8859] Replayed Problem56.PaperV6.GeneralCumulantsProduct
warning: Problem56/PaperV6/GeneralCumulantsProduct.lean:234:4: Try this: 
  letI̵

The goal is a proposition, so `let` is preferred over `letI`.
The difference between `let` and `letI` is that `letI` inlines the value.
But this is not relevant for proofs because of proof irrelevance.

Note: This linter can be disabled with `set_option linter.style.haveILetI false`
warning: Problem56/PaperV6/GeneralCumulantsProduct.lean:212:4: Unused tactic linter: `change
  (∏ C ∈ P.parts, (fun f : Ω → ℝ ↦ ∫ ω, f ω ∂μ) (fun ω ↦ ∏ j ∈ C, Y j ω)) =
    ∏ B ∈ (Finset.univ : Finset P.parts), (fun f : Ω → ℝ ↦ ∫ ω, f ω ∂μ) (fun ω ↦ ∏ j : B.1, Y j.1 ω)` does nothing

Note: This linter can be disabled with `set_option linter.unusedTactic false`
ℹ [8776/8859] Replayed Problem56.ExtractionRegression
info: Problem56/ExtractionRegression.lean:168:0: 'Problem56.ExtractionRegression.i35_empty_upper_mass_and_guard' depends on axioms: [propext,
 Classical.choice,
 Quot.sound]
info: Problem56/ExtractionRegression.lean:169:0: 'Problem56.ExtractionRegression.i35_unconditional_support_conflict' depends on axioms: [propext,
 Classical.choice,
 Quot.sound]
info: Problem56/ExtractionRegression.lean:170:0: 'Problem56.ExtractionRegression.i16_empty_selector_counterexample' depends on axioms: [propext,
 Classical.choice,
 Quot.sound]
info: Problem56/ExtractionRegression.lean:171:0: 'Problem56.ExtractionRegression.i16_expected_rank_guard' depends on axioms: [propext, Quot.sound]
info: Problem56/ExtractionRegression.lean:172:0: 'Problem56.ExtractionRegression.i19_two_loop_endpoint_counterexample' depends on axioms: [propext,
 Classical.choice,
 Quot.sound]
info: Problem56/ExtractionRegression.lean:173:0: 'Problem56.ExtractionRegression.i19_expected_rank_guard' depends on axioms: [propext, Quot.sound]
info: Problem56/ExtractionRegression.lean:174:0: 'Problem56.ExtractionRegression.i08_empty_lhs' depends on axioms: [propext, Classical.choice, Quot.sound]
info: Problem56/ExtractionRegression.lean:175:0: 'Problem56.ExtractionRegression.i08_empty_rhs' depends on axioms: [propext, Classical.choice, Quot.sound]
info: Problem56/ExtractionRegression.lean:176:0: 'Problem56.ExtractionRegression.i08_empty_boundary_conflict' depends on axioms: [propext, Classical.choice, Quot.sound]
info: Problem56/ExtractionRegression.lean:177:0: 'Problem56.ExtractionRegression.i08_expected_nonempty_guard' depends on axioms: [propext]
ℹ [8777/8859] Replayed Problem56.GraphOperatorRegression
info: Problem56/GraphOperatorRegression.lean:84:0: 'Problem56.GraphOperatorRegression.graphOperator_dim_one' depends on axioms: [propext, Classical.choice, Quot.sound]
info: Problem56/GraphOperatorRegression.lean:85:0: 'Problem56.GraphOperatorRegression.exact_scalar_chain' depends on axioms: [propext, Classical.choice, Quot.sound]
info: Problem56/GraphOperatorRegression.lean:86:0: 'Problem56.GraphOperatorRegression.exact_scalar_diamond' depends on axioms: [propext, Classical.choice, Quot.sound]
info: Problem56/GraphOperatorRegression.lean:87:0: 'Problem56.GraphOperatorRegression.exact_scalar_parallel_edges' depends on axioms: [propext,
 Classical.choice,
 Quot.sound]
info: Problem56/GraphOperatorRegression.lean:88:0: 'Problem56.GraphOperatorRegression.transpose_preserves_required_norm' depends on axioms: [propext,
 Classical.choice,
 Quot.sound]
info: Problem56/GraphOperatorRegression.lean:89:0: 'Problem56.GraphOperatorRegression.zero_dimensional_domain_has_zero_norm' depends on axioms: [propext,
 Classical.choice,
 Quot.sound]
ℹ [8778/8859] Replayed Problem56.GraphOperatorUnequalRegression
info: Problem56/GraphOperatorUnequalRegression.lean:102:0: 'Problem56.GraphOperatorUnequalRegression.exact_unequal_dimensional_chain' depends on axioms: [propext,
 Classical.choice,
 Quot.sound]
ℹ [8779/8859] Replayed Problem56.BernoulliSamplingCorollary
info: Problem56/BernoulliSamplingCorollary.lean:337:0: 'Problem56.bernoulli_coordinate_sampling_corollary_of_trace' depends on axioms: [propext, Classical.choice, Quot.sound]
⚠ [8780/8859] Replayed Problem56.SignedTraceEntryCumulant
warning: Problem56/SignedTraceEntryCumulant.lean:59:2: Try this: 
  letI̵

The goal is a proposition, so `let` is preferred over `letI`.
The difference between `let` and `letI` is that `letI` inlines the value.
But this is not relevant for proofs because of proof irrelevance.

Note: This linter can be disabled with `set_option linter.style.haveILetI false`
warning: Problem56/SignedTraceEntryCumulant.lean:124:2: Try this: 
  letI̵

The goal is a proposition, so `let` is preferred over `letI`.
The difference between `let` and `letI` is that `letI` inlines the value.
But this is not relevant for proofs because of proof irrelevance.

Note: This linter can be disabled with `set_option linter.style.haveILetI false`
info: Problem56/SignedTraceEntryCumulant.lean:309:0: 'Problem56.signPairExpectation_cyclic_centeredProjection_product_expansion' depends on axioms: [propext,
 Classical.choice,
 Quot.sound]
info: Problem56/SignedTraceEntryCumulant.lean:310:0: 'Problem56.centeredProjection_blockCumulant_eq_zero_of_card_one' depends on axioms: [propext,
 Classical.choice,
 Quot.sound]
info: Problem56/SignedTraceEntryCumulant.lean:311:0: 'Problem56.centeredProjection_blockCumulant_eq_inv_pow_scaled' depends on axioms: [propext,
 Classical.choice,
 Quot.sound]
info: Problem56/SignedTraceEntryCumulant.lean:312:0: 'Problem56.centeredProjection_blockCumulant_bound_and_vanish' depends on axioms: [propext, Classical.choice, Quot.sound]
info: Problem56/SignedTraceEntryCumulant.lean:313:0: 'Problem56.centeredProjection_partitionCumulantProduct_bound' depends on axioms: [propext, Classical.choice, Quot.sound]
info: Problem56/SignedTraceEntryCumulant.lean:314:0: 'Problem56.centeredProjection_partitionCumulantProduct_eq_zero_of_block_xor' depends on axioms: [propext,
 Classical.choice,
 Quot.sound]
ℹ [8781/8859] Replayed Problem56.SignedTraceExpectationExpansion
info: Problem56/SignedTraceExpectationExpansion.lean:148:0: 'Problem56.signBernoulliExpectation_trace_centered_product_pow_expansion' depends on axioms: [propext,
 Classical.choice,
 Quot.sound]
⚠ [8782/8859] Replayed Problem56.SignedTraceExpansion
warning: Problem56/SignedTraceExpansion.lean:275:4: Unused tactic linter: `change
  (⟨equalityPartition f,
        (⟨partitionLabelingOfFunction f, partitionLabelingOfFunction_injective f⟩ :
          InjectivePartitionLabeling (equalityPartition f) alpha)⟩ :
      Σ Q : Finpartition (Finset.univ : Finset iota), InjectivePartitionLabeling Q alpha) =
    ⟨P, lab⟩` does nothing

Note: This linter can be disabled with `set_option linter.unusedTactic false`
warning: Problem56/SignedTraceExpansion.lean:304:8: Variable name `i` is not explicitly referenced.

Hint: The binding can be removed (if unused) or named `_` (if used implicitly). Alternatively, prefix the name with `_` to silence this warning:
  [apply] _i

Note: This linter can be disabled with `set_option linter.unusedVariables false`
warning: Problem56/SignedTraceExpansion.lean:306:8: Variable name `i` is not explicitly referenced.

Hint: The binding can be removed (if unused) or named `_` (if used implicitly). Alternatively, prefix the name with `_` to silence this warning:
  [apply] _i

Note: This linter can be disabled with `set_option linter.unusedVariables false`
warning: Problem56/SignedTraceExpansion.lean:607:2: Try this: 
  letI̵

The goal is a proposition, so `let` is preferred over `letI`.
The difference between `let` and `letI` is that `letI` inlines the value.
But this is not relevant for proofs because of proof irrelevance.

Note: This linter can be disabled with `set_option linter.style.haveILetI false`
warning: Problem56/SignedTraceExpansion.lean:610:4: try 'simp' instead of 'simpa'

Note: This linter can be disabled with `set_option linter.unnecessarySimpa false`
warning: Problem56/SignedTraceExpansion.lean:853:6: Unused tactic linter: `change
  (∑ lab : EqualityVertex D.selector.1 → WalshIndex m, if EntryXorConstraints D lab then C else 0) = _` does nothing

Note: This linter can be disabled with `set_option linter.unusedTactic false`
warning: Problem56/SignedTraceExpansion.lean:902:2: `push_neg` has been deprecated. Prefer using `push Not` instead.
If you'd rather continue using `push_neg` in your project, you can implement it as follows:
```
open Lean.Parser.Tactic in
macro "push_neg" cfg:optConfig loc:(location)? : tactic =>
  `(tactic| push $cfg:optConfig Not $[$loc]?)
```
warning: Problem56/SignedTraceExpansion.lean:1677:8: This simp argument is unused:
  Nat.cast_ofNat

Hint: Omit it from the simp argument list.
  [apply] simp only [Finset.sum_const, nsmul_eq_mul, Finset.card_univ]

Note: This linter can be disabled with `set_option linter.unusedSimpArgs false`
⚠ [8783/8859] Replayed Problem56.ContractedCorePaths
warning: Problem56/ContractedCorePaths.lean:181:5: Variable name `huv` is not explicitly referenced.

Hint: The binding can be removed (if unused) or named `_` (if used implicitly). Alternatively, prefix the name with `_` to silence this warning:
  [apply] _huv

Note: This linter can be disabled with `set_option linter.unusedVariables false`
info: Problem56/ContractedCorePaths.lean:359:0: 'Problem56.equalityEdgesBetween_card' depends on axioms: [propext, Classical.choice, Quot.sound]
info: Problem56/ContractedCorePaths.lean:360:0: 'Problem56.equalityPortAtFirst_injective' depends on axioms: [propext, Classical.choice, Quot.sound]
info: Problem56/ContractedCorePaths.lean:361:0: 'Problem56.equalityIndexedPortPair' depends on axioms: [propext, Classical.choice, Quot.sound]
info: Problem56/ContractedCorePaths.lean:362:0: 'Problem56.equalityInternalDoubledNeighbors' depends on axioms: [propext, Classical.choice, Quot.sound]
info: Problem56/ContractedCorePaths.lean:363:0: 'Problem56.equalityInternal_left_edge_card' depends on axioms: [propext, Classical.choice, Quot.sound]
info: Problem56/ContractedCorePaths.lean:364:0: 'Problem56.equalityInternal_right_edge_card' depends on axioms: [propext, Classical.choice, Quot.sound]
info: Problem56/ContractedCorePaths.lean:365:0: 'Problem56.equalityDoubledAdjacent_of_internal_graphAdjacent' depends on axioms: [propext, Classical.choice, Quot.sound]
info: Problem56/ContractedCorePaths.lean:366:0: 'Problem56.equalityGraph_path_reaches_retained_or_doubled_prefix' depends on axioms: [propext,
 Classical.choice,
 Quot.sound]
info: Problem56/ContractedCorePaths.lean:367:0: 'Problem56.equalityInternal_reaches_retained_by_doubled_path' depends on axioms: [propext, Classical.choice, Quot.sound]
info: Problem56/ContractedCorePaths.lean:368:0: 'Problem56.equalityTerminalNeighbor' depends on axioms: [propext, Classical.choice, Quot.sound]
info: Problem56/ContractedCorePaths.lean:369:0: 'Problem56.equalityTerminal_neighbor_edge_card' depends on axioms: [propext, Classical.choice, Quot.sound]
⚠ [8784/8859] Replayed Problem56.ContractedCoreTerminalBudget
warning: Problem56/ContractedCoreTerminalBudget.lean:46:4: Try this: 
  letI̵

The goal is a proposition, so `let` is preferred over `letI`.
The difference between `let` and `letI` is that `letI` inlines the value.
But this is not relevant for proofs because of proof irrelevance.

Note: This linter can be disabled with `set_option linter.style.haveILetI false`
warning: Problem56/ContractedCoreTerminalBudget.lean:71:2: Try this: 
  letI̵

The goal is a proposition, so `let` is preferred over `letI`.
The difference between `let` and `letI` is that `letI` inlines the value.
But this is not relevant for proofs because of proof irrelevance.

Note: This linter can be disabled with `set_option linter.style.haveILetI false`
warning: Problem56/ContractedCoreTerminalBudget.lean:383:6: Try this: 
  letI̵

The goal is a proposition, so `let` is preferred over `letI`.
The difference between `let` and `letI` is that `letI` inlines the value.
But this is not relevant for proofs because of proof irrelevance.

Note: This linter can be disabled with `set_option linter.style.haveILetI false`
warning: Problem56/ContractedCoreTerminalBudget.lean:542:2: Try this: 
  letI̵

The goal is a proposition, so `let` is preferred over `letI`.
The difference between `let` and `letI` is that `letI` inlines the value.
But this is not relevant for proofs because of proof irrelevance.

Note: This linter can be disabled with `set_option linter.style.haveILetI false`
warning: Problem56/ContractedCoreTerminalBudget.lean:546:2: Try this: 
  letI̵

The goal is a proposition, so `let` is preferred over `letI`.
The difference between `let` and `letI` is that `letI` inlines the value.
But this is not relevant for proofs because of proof irrelevance.

Note: This linter can be disabled with `set_option linter.style.haveILetI false`
info: Problem56/ContractedCoreTerminalBudget.lean:617:0: 'Problem56.tree_outside_leaves_le_boundaryDegree' depends on axioms: [propext, Classical.choice, Quot.sound]
info: Problem56/ContractedCoreTerminalBudget.lean:618:0: 'Problem56.equalitySupportGraph_preconnected' depends on axioms: [propext, Classical.choice, Quot.sound]
info: Problem56/ContractedCoreTerminalBudget.lean:619:0: 'Problem56.equalitySupportGraph_degree_le_two_of_nonexceptional' depends on axioms: [propext,
 Classical.choice,
 Quot.sound]
info: Problem56/ContractedCoreTerminalBudget.lean:620:0: 'Problem56.equalitySupportGraph_degree_eq_one_of_terminal' depends on axioms: [propext, Classical.choice, Quot.sound]
info: Problem56/ContractedCoreTerminalBudget.lean:621:0: 'Problem56.equalityEdgeMultiplicity_ge_two_of_nonexceptional_adj' depends on axioms: [propext,
 Classical.choice,
 Quot.sound]
info: Problem56/ContractedCoreTerminalBudget.lean:622:0: 'Problem56.equalityTerminal_card_le_treeBoundaryDegree' depends on axioms: [propext, Classical.choice, Quot.sound]
info: Problem56/ContractedCoreTerminalBudget.lean:623:0: 'Problem56.equalityNeighborIndexedEdgesEmbedding' depends on axioms: [propext, Classical.choice, Quot.sound]
info: Problem56/ContractedCoreTerminalBudget.lean:624:0: 'Problem56.equality_neighbor_multiplicity_sum_le_ports' depends on axioms: [propext, Classical.choice, Quot.sound]
info: Problem56/ContractedCoreTerminalBudget.lean:625:0: 'Problem56.equalityExceptionalCore_degree_sum' depends on axioms: [propext, Classical.choice, Quot.sound]
info: Problem56/ContractedCoreTerminalBudget.lean:626:0: 'Problem56.twice_treeBoundaryDegree_le_exceptionalDegree' depends on axioms: [propext, Classical.choice, Quot.sound]
info: Problem56/ContractedCoreTerminalBudget.lean:627:0: 'Problem56.equality_terminal_port_budget_of_parameter_pos' depends on axioms: [propext, Classical.choice, Quot.sound]
info: Problem56/ContractedCoreTerminalBudget.lean:628:0: 'Problem56.equality_retained_card_le_of_parameter_pos' depends on axioms: [propext, Classical.choice, Quot.sound]
info: Problem56/ContractedCoreTerminalBudget.lean:629:0: 'Problem56.equalityRetainedPorts_card_le_of_parameter_pos' depends on axioms: [propext, Classical.choice, Quot.sound]
info: Problem56/ContractedCoreTerminalBudget.lean:630:0: 'Problem56.equalityRetainedPortsEmbedding' depends on axioms: [propext, Classical.choice, Quot.sound]
info: Problem56/ContractedCoreTerminalBudget.lean:631:0: 'Problem56.equalityRetainedPorts_card_le_four_p' depends on axioms: [propext, Classical.choice, Quot.sound]
info: Problem56/ContractedCoreTerminalBudget.lean:632:0: 'Problem56.equalityRetainedVertices_card_le_p' depends on axioms: [propext, Classical.choice, Quot.sound]
ℹ [8785/8859] Replayed Problem56.ContractedCoreComponents
info: Problem56/ContractedCoreComponents.lean:682:0: 'Problem56.equalityDoubledAdjacent_of_removed_supportAdjacent' depends on axioms: [propext,
 Classical.choice,
 Quot.sound]
info: Problem56/ContractedCoreComponents.lean:683:0: 'Problem56.equalitySupportGraph_degree_eq_two_of_removed' depends on axioms: [propext, Classical.choice, Quot.sound]
info: Problem56/ContractedCoreComponents.lean:684:0: 'Problem56.equalityRemovedGraph_adj_doubled' depends on axioms: [propext, Classical.choice, Quot.sound]
info: Problem56/ContractedCoreComponents.lean:685:0: 'Problem56.equalityRemovedComponent_cover' depends on axioms: [propext, Classical.choice, Quot.sound]
info: Problem56/ContractedCoreComponents.lean:686:0: 'Problem56.equalityRemovedComponent_pairwise_disjoint' depends on axioms: [propext, Classical.choice, Quot.sound]
info: Problem56/ContractedCoreComponents.lean:687:0: 'Problem56.equalityRemovedComponentVertexEquiv' depends on axioms: [propext, Classical.choice, Quot.sound]
info: Problem56/ContractedCoreComponents.lean:688:0: 'Problem56.equalityRemovedComponent_sum_card' depends on axioms: [propext, Classical.choice, Quot.sound]
info: Problem56/ContractedCoreComponents.lean:689:0: 'Problem56.equalityRemovedVertex_card_le_p' depends on axioms: [propext, Classical.choice, Quot.sound]
info: Problem56/ContractedCoreComponents.lean:690:0: 'Problem56.equalityRemovedComponent_total_length_le_p' depends on axioms: [propext, Classical.choice, Quot.sound]
info: Problem56/ContractedCoreComponents.lean:691:0: 'Problem56.equalityRemovedComponent_length_le_p' depends on axioms: [propext, Classical.choice, Quot.sound]
info: Problem56/ContractedCoreComponents.lean:692:0: 'Problem56.equality_removed_degree_add_retainedNeighbor_card' depends on axioms: [propext, Classical.choice, Quot.sound]
info: Problem56/ContractedCoreComponents.lean:693:0: 'Problem56.equalityDoubled_path_boundary_or_removed_prefix' depends on axioms: [propext, Classical.choice, Quot.sound]
info: Problem56/ContractedCoreComponents.lean:694:0: 'Problem56.equalityComponentBoundaryIncidence_nonempty' depends on axioms: [propext, Classical.choice, Quot.sound]
info: Problem56/ContractedCoreComponents.lean:695:0: 'Problem56.equalityComponent_degree_eq_removedDegree' depends on axioms: [propext, Classical.choice, Quot.sound]
info: Problem56/ContractedCoreComponents.lean:696:0: 'Problem56.equalityComponentBoundaryIncidence_card' depends on axioms: [propext, Classical.choice, Quot.sound]
info: Problem56/ContractedCoreComponents.lean:697:0: 'Problem56.equalityRemovedComponent_isTree' depends on axioms: [propext, Classical.choice, Quot.sound]
info: Problem56/ContractedCoreComponents.lean:698:0: 'Problem56.equalityRemovedComponent_degree_le_two' depends on axioms: [propext, Classical.choice, Quot.sound]
info: Problem56/ContractedCoreComponents.lean:699:0: 'Problem56.equalityAllComponentBoundaryIncidence_card' depends on axioms: [propext, Classical.choice, Quot.sound]
info: Problem56/ContractedCoreComponents.lean:700:0: 'Problem56.equalityComponentBoundary_edge_card' depends on axioms: [propext, Classical.choice, Quot.sound]
info: Problem56/ContractedCoreComponents.lean:701:0: 'Problem56.equalityComponentBoundaryPorts_card' depends on axioms: [propext, Classical.choice, Quot.sound]
info: Problem56/ContractedCoreComponents.lean:702:0: 'Problem56.equalityComponentBoundaryPortsEquivFinPairs' depends on axioms: [propext, Classical.choice, Quot.sound]
info: Problem56/ContractedCoreComponents.lean:703:0: 'Problem56.equalityAllComponentBoundaryPorts_card' depends on axioms: [propext, Classical.choice, Quot.sound]
info: Problem56/ContractedCoreComponents.lean:704:0: 'Problem56.equalityAllComponentBoundaryPortsEmbedding' depends on axioms: [propext, Classical.choice, Quot.sound]
info: Problem56/ContractedCoreComponents.lean:705:0: 'Problem56.equalityAllComponentBoundaryPortsEquivComponentFinPairs' depends on axioms: [propext,
 Classical.choice,
 Quot.sound]
info: Problem56/ContractedCoreComponents.lean:706:0: 'Problem56.equalityRemovedComponentFinPortsEmbedding' depends on axioms: [propext, Classical.choice, Quot.sound]
info: Problem56/ContractedCoreComponents.lean:707:0: 'Problem56.equalityRemovedComponent_card_le_nine_parameter' depends on axioms: [propext, Classical.choice, Quot.sound]
info: Problem56/ContractedCoreComponents.lean:708:0: 'Problem56.equalityRemovedComponentEmbeddingFinNineParameter' depends on axioms: [propext, Classical.choice, Quot.sound]
info: Problem56/ContractedCoreComponents.lean:709:0: 'Problem56.equalityRemovedComponentLengthCode' depends on axioms: [propext, Classical.choice, Quot.sound]
⚠ [8786/8859] Replayed Problem56.ContractedCoreSerialization
warning: Problem56/ContractedCoreSerialization.lean:317:4: This simp argument is unused:
  Fin.rev_involutive

Hint: Omit it from the simp argument list.
  [apply] simp [equalityRemovedBoundaryPortContractedOpposite, E]

Note: This linter can be disabled with `set_option linter.unusedSimpArgs false`
info: Problem56/ContractedCoreSerialization.lean:408:0: 'Problem56.equalityHalfEdgeVertex_opposite_portAtFirst' depends on axioms: [propext, Classical.choice, Quot.sound]
info: Problem56/ContractedCoreSerialization.lean:409:0: 'Problem56.equalityRetainedPortSplitEquiv' depends on axioms: [propext, Classical.choice, Quot.sound]
info: Problem56/ContractedCoreSerialization.lean:410:0: 'Problem56.equalityAllComponentBoundaryPortsEmbedding_surjective_to_boundary' depends on axioms: [propext,
 Classical.choice,
 Quot.sound]
info: Problem56/ContractedCoreSerialization.lean:411:0: 'Problem56.equalityAllComponentBoundaryPortsEquivRemovedBoundary' depends on axioms: [propext,
 Classical.choice,
 Quot.sound]
info: Problem56/ContractedCoreSerialization.lean:412:0: 'Problem56.equalityDirectRetainedPortOpposite_involutive' depends on axioms: [propext, Classical.choice, Quot.sound]
info: Problem56/ContractedCoreSerialization.lean:413:0: 'Problem56.equalityDirectRetainedPortOpposite_ne' depends on axioms: [propext, Classical.choice, Quot.sound]
info: Problem56/ContractedCoreSerialization.lean:414:0: 'Problem56.pairingOfFixedPointFreeInvolution' depends on axioms: [propext, Classical.choice, Quot.sound]
info: Problem56/ContractedCoreSerialization.lean:415:0: 'Problem56.equalityDirectRetainedPortPairing' depends on axioms: [propext, Classical.choice, Quot.sound]
info: Problem56/ContractedCoreSerialization.lean:416:0: 'Problem56.equalityRemovedBoundaryPortEquivComponentFinPairs' depends on axioms: [propext, Classical.choice, Quot.sound]
info: Problem56/ContractedCoreSerialization.lean:417:0: 'Problem56.equalityRemovedBoundaryPortContractedOpposite_involutive' depends on axioms: [propext,
 Classical.choice,
 Quot.sound]
info: Problem56/ContractedCoreSerialization.lean:418:0: 'Problem56.equalityRemovedBoundaryPortContractedOpposite_ne' depends on axioms: [propext, Classical.choice, Quot.sound]
info: Problem56/ContractedCoreSerialization.lean:419:0: 'Problem56.equalityRetainedPortSplitContractedOpposite_involutive' depends on axioms: [propext,
 Classical.choice,
 Quot.sound]
info: Problem56/ContractedCoreSerialization.lean:420:0: 'Problem56.equalityRetainedPortSplitContractedOpposite_ne' depends on axioms: [propext, Classical.choice, Quot.sound]
info: Problem56/ContractedCoreSerialization.lean:421:0: 'Problem56.equalityContractedRetainedPortOpposite_involutive' depends on axioms: [propext, Classical.choice, Quot.sound]
info: Problem56/ContractedCoreSerialization.lean:422:0: 'Problem56.equalityContractedRetainedPortOpposite_ne' depends on axioms: [propext, Classical.choice, Quot.sound]
info: Problem56/ContractedCoreSerialization.lean:423:0: 'Problem56.equalityContractedRetainedPortPairing' depends on axioms: [propext, Classical.choice, Quot.sound]
⚠ [8787/8859] Replayed Problem56.ContractedCoreProfile
warning: Problem56/ContractedCoreProfile.lean:187:15: This simp argument is unused:
  Fin.sum_univ_eq_sum_range

Hint: Omit it from the simp argument list.
  [apply] simp only

Note: This linter can be disabled with `set_option linter.unusedSimpArgs false`
warning: Problem56/ContractedCoreProfile.lean:191:15: This simp argument is unused:
  Fin.sum_univ_eq_sum_range

Hint: Omit it from the simp argument list.
  [apply] simp only

Note: This linter can be disabled with `set_option linter.unusedSimpArgs false`
info: Problem56/ContractedCoreProfile.lean:273:0: 'Problem56.contractedCoreDegreeProfileToRaw_injective' depends on axioms: [propext, Classical.choice, Quot.sound]
info: Problem56/ContractedCoreProfile.lean:274:0: 'Problem56.contractedCoreDegreeProfile_card_le' depends on axioms: [propext, Classical.choice, Quot.sound]
info: Problem56/ContractedCoreProfile.lean:275:0: 'Problem56.eight_mul_add_one_le_coreBase_pow' depends on axioms: [propext, Classical.choice, Quot.sound]
info: Problem56/ContractedCoreProfile.lean:276:0: 'Problem56.equalityRetainedDegreeAtLabel_sum' depends on axioms: [propext, Classical.choice, Quot.sound]
info: Problem56/ContractedCoreProfile.lean:277:0: 'Problem56.equalityContractedCoreDegreeProfile' depends on axioms: [propext, Classical.choice, Quot.sound]
info: Problem56/ContractedCoreProfile.lean:278:0: 'Problem56.contractedCorePort_card' depends on axioms: [propext, Classical.choice, Quot.sound]
info: Problem56/ContractedCoreProfile.lean:279:0: 'Problem56.equalityRetainedPortsEquivContractedCorePort' depends on axioms: [propext, Classical.choice, Quot.sound]
info: Problem56/ContractedCoreProfile.lean:280:0: 'Problem56.equalityStandardContractedPortOpposite_involutive' depends on axioms: [propext, Classical.choice, Quot.sound]
info: Problem56/ContractedCoreProfile.lean:281:0: 'Problem56.equalityStandardContractedPortOpposite_ne' depends on axioms: [propext, Classical.choice, Quot.sound]
info: Problem56/ContractedCoreProfile.lean:282:0: 'Problem56.equalityStandardContractedPortPairing' depends on axioms: [propext, Classical.choice, Quot.sound]
ℹ [8788/8859] Replayed Problem56.ContractedCoreTopology
info: Problem56/ContractedCoreTopology.lean:262:0: 'Problem56.contractedCorePortOptionEmbedding' depends on axioms: [propext, Classical.choice, Quot.sound]
info: Problem56/ContractedCoreTopology.lean:263:0: 'Problem56.contractedCoreLinkDataToRaw_injective' depends on axioms: [propext, Classical.choice, Quot.sound]
info: Problem56/ContractedCoreTopology.lean:264:0: 'Problem56.contractedCoreLinkData_card_le' depends on axioms: [propext, Classical.choice, Quot.sound]
info: Problem56/ContractedCoreTopology.lean:265:0: 'Problem56.contractedCoreTopology_card_le' depends on axioms: [propext, Classical.choice, Quot.sound]
ℹ [8789/8859] Replayed Problem56.ContractedCoreAbstractCode
info: Problem56/ContractedCoreAbstractCode.lean:62:0: 'Problem56.abstractContractedCore_card_le' depends on axioms: [propext, Classical.choice, Quot.sound]
info: Problem56/ContractedCoreAbstractCode.lean:63:0: 'Problem56.abstractContractedCoreEmbedding' depends on axioms: [propext, Classical.choice, Quot.sound]
ℹ [8790/8859] Replayed Problem56.ContractedCoreExtraction
info: Problem56/ContractedCoreExtraction.lean:84:0: 'Problem56.equalityRemovedComponentPortsEquivLinkPortIndex' depends on axioms: [propext, Classical.choice, Quot.sound]
info: Problem56/ContractedCoreExtraction.lean:85:0: 'Problem56.equalityContractedCoreLinkData' depends on axioms: [propext, Classical.choice, Quot.sound]
info: Problem56/ContractedCoreExtraction.lean:86:0: 'Problem56.equalityContractedCoreTopology' depends on axioms: [propext, Classical.choice, Quot.sound]
info: Problem56/ContractedCoreExtraction.lean:87:0: 'Problem56.equalityAbstractContractedCore' depends on axioms: [propext, Classical.choice, Quot.sound]
info: Problem56/ContractedCoreExtraction.lean:88:0: 'Problem56.equalityContractedCoreCode' depends on axioms: [propext, Classical.choice, Quot.sound]
⚠ [8791/8859] Replayed Problem56.ContractedCoreTransition
warning: Problem56/ContractedCoreTransition.lean:52:2: Try this: 
  letI̵

The goal is a proposition, so `let` is preferred over `letI`.
The difference between `let` and `letI` is that `letI` inlines the value.
But this is not relevant for proofs because of proof irrelevance.

Note: This linter can be disabled with `set_option linter.style.haveILetI false`
warning: Problem56/ContractedCoreTransition.lean:176:2: Try this: 
  letI̵

The goal is a proposition, so `let` is preferred over `letI`.
The difference between `let` and `letI` is that `letI` inlines the value.
But this is not relevant for proofs because of proof irrelevance.

Note: This linter can be disabled with `set_option linter.style.haveILetI false`
warning: Problem56/ContractedCoreTransition.lean:177:2: Try this: 
  letI̵

The goal is a proposition, so `let` is preferred over `letI`.
The difference between `let` and `letI` is that `letI` inlines the value.
But this is not relevant for proofs because of proof irrelevance.

Note: This linter can be disabled with `set_option linter.style.haveILetI false`
warning: Problem56/ContractedCoreTransition.lean:211:2: Try this: 
  letI̵

The goal is a proposition, so `let` is preferred over `letI`.
The difference between `let` and `letI` is that `letI` inlines the value.
But this is not relevant for proofs because of proof irrelevance.

Note: This linter can be disabled with `set_option linter.style.haveILetI false`
warning: Problem56/ContractedCoreTransition.lean:212:2: Try this: 
  letI̵

The goal is a proposition, so `let` is preferred over `letI`.
The difference between `let` and `letI` is that `letI` inlines the value.
But this is not relevant for proofs because of proof irrelevance.

Note: This linter can be disabled with `set_option linter.style.haveILetI false`
info: Problem56/ContractedCoreTransition.lean:226:0: 'Problem56.cyclicSuccEquiv_apply' depends on axioms: [propext, Quot.sound]
info: Problem56/ContractedCoreTransition.lean:227:0: 'Problem56.equalityCyclicTransitionOpposite' depends on axioms: [propext, Classical.choice, Quot.sound]
info: Problem56/ContractedCoreTransition.lean:228:0: 'Problem56.equalityCyclicTransitionOpposite_involutive' depends on axioms: [propext, Classical.choice, Quot.sound]
info: Problem56/ContractedCoreTransition.lean:229:0: 'Problem56.equalityCyclicTransitionOpposite_ne' depends on axioms: [propext, Classical.choice, Quot.sound]
info: Problem56/ContractedCoreTransition.lean:230:0: 'Problem56.equalityCyclicTransitionPairing' depends on axioms: [propext, Classical.choice, Quot.sound]
info: Problem56/ContractedCoreTransition.lean:231:0: 'Problem56.pairingMate_pairingOfFixedPointFreeInvolution' depends on axioms: [propext, Classical.choice, Quot.sound]
info: Problem56/ContractedCoreTransition.lean:232:0: 'Problem56.fixedPointFreeInvolutionPairing_injective' depends on axioms: [propext, Classical.choice, Quot.sound]
info: Problem56/ContractedCoreTransition.lean:233:0: 'Problem56.fixedPointFreeInvolution_card_le_pairing' depends on axioms: [propext, Classical.choice, Quot.sound]
info: Problem56/ContractedCoreTransition.lean:234:0: 'Problem56.equalityCyclicTransitionSystem' depends on axioms: [propext, Classical.choice, Quot.sound]
info: Problem56/ContractedCoreTransition.lean:235:0: 'Problem56.localPairingSystem_card_le' depends on axioms: [propext, Classical.choice, Quot.sound]
info: Problem56/ContractedCoreTransition.lean:236:0: 'Problem56.localFixedPointFreeInvolutionSystem_card_le' depends on axioms: [propext, Classical.choice, Quot.sound]
info: Problem56/ContractedCoreTransition.lean:237:0: 'Problem56.pairing_card_parallel_bound' depends on axioms: [propext, Classical.choice, Quot.sound]
⚠ [8792/8859] Replayed Problem56.ContractedCoreCanonical
warning: Problem56/ContractedCoreCanonical.lean:219:4: Try `simp at hb` instead of `simpa using hb`

Note: This linter can be disabled with `set_option linter.unnecessarySimpa false`
info: Problem56/ContractedCoreCanonical.lean:320:0: 'Problem56.canonicalDirectPort_mate_not_link' depends on axioms: [propext, Classical.choice, Quot.sound]
info: Problem56/ContractedCoreCanonical.lean:321:0: 'Problem56.canonicalDirectPortMate_involutive' depends on axioms: [propext, Classical.choice, Quot.sound]
info: Problem56/ContractedCoreCanonical.lean:322:0: 'Problem56.canonicalDirectPortMate_ne' depends on axioms: [propext, Classical.choice, Quot.sound]
info: Problem56/ContractedCoreCanonical.lean:323:0: 'Problem56.canonicalExpandedEdgeMate_involutive' depends on axioms: [propext, Classical.choice, Quot.sound]
info: Problem56/ContractedCoreCanonical.lean:324:0: 'Problem56.canonicalExpandedEdgeMate_ne' depends on axioms: [propext, Classical.choice, Quot.sound]
info: Problem56/ContractedCoreCanonical.lean:325:0: 'Problem56.canonicalLocalTransitionMate_vertex' depends on axioms: [propext, Classical.choice, Quot.sound]
info: Problem56/ContractedCoreCanonical.lean:326:0: 'Problem56.canonicalLocalTransitionMate_involutive' depends on axioms: [propext, Classical.choice, Quot.sound]
info: Problem56/ContractedCoreCanonical.lean:327:0: 'Problem56.canonicalLocalTransitionMate_ne' depends on axioms: [propext, Classical.choice, Quot.sound]
⚠ [8793/8859] Replayed Problem56.ContractedCoreCanonicalSource
warning: Problem56/ContractedCoreCanonicalSource.lean:73:4: try 'simp' instead of 'simpa'

Note: This linter can be disabled with `set_option linter.unnecessarySimpa false`
warning: Problem56/ContractedCoreCanonicalSource.lean:76:4: try 'simp' instead of 'simpa'

Note: This linter can be disabled with `set_option linter.unnecessarySimpa false`
info: Problem56/ContractedCoreCanonicalSource.lean:139:0: 'Problem56.equalityContractedRetainedPortOpposite_sourceLink' depends on axioms: [propext, Classical.choice, Quot.sound]
info: Problem56/ContractedCoreCanonicalSource.lean:140:0: 'Problem56.equalityStandardContractedPortOpposite_linkPort' depends on axioms: [propext, Classical.choice, Quot.sound]
info: Problem56/ContractedCoreCanonicalSource.lean:141:0: 'Problem56.equalityAbstractContractedCore_compatible' depends on axioms: [propext, Classical.choice, Quot.sound]
⚠ [8794/8859] Replayed Problem56.ContractedCorePathOrder
warning: Problem56/ContractedCorePathOrder.lean:344:2: Try this: 
  letI̵

The goal is a proposition, so `let` is preferred over `letI`.
The difference between `let` and `letI` is that `letI` inlines the value.
But this is not relevant for proofs because of proof irrelevance.

Note: This linter can be disabled with `set_option linter.style.haveILetI false`
warning: Problem56/ContractedCorePathOrder.lean:359:4: Try this: 
  letI̵

The goal is a proposition, so `let` is preferred over `letI`.
The difference between `let` and `letI` is that `letI` inlines the value.
But this is not relevant for proofs because of proof irrelevance.

Note: This linter can be disabled with `set_option linter.style.haveILetI false`
info: Problem56/ContractedCorePathOrder.lean:560:0: 'Problem56.walk_isHamiltonian_of_isTree_of_degree_le_two' depends on axioms: [propext, Classical.choice, Quot.sound]
info: Problem56/ContractedCorePathOrder.lean:561:0: 'Problem56.equalityComponentBoundaryIncidenceEquivFinTwo' depends on axioms: [propext, Classical.choice, Quot.sound]
info: Problem56/ContractedCorePathOrder.lean:562:0: 'Problem56.equalityRemovedComponentBoundaryVertex_degree_le_one' depends on axioms: [propext,
 Classical.choice,
 Quot.sound]
info: Problem56/ContractedCorePathOrder.lean:563:0: 'Problem56.equalityRemovedComponentBoundaryWalk_isPath' depends on axioms: [propext, Classical.choice, Quot.sound]
info: Problem56/ContractedCorePathOrder.lean:564:0: 'Problem56.equalityRemovedComponentBoundaryWalk_isHamiltonian' depends on axioms: [propext,
 Classical.choice,
 Quot.sound]
info: Problem56/ContractedCorePathOrder.lean:565:0: 'Problem56.equalityRemovedComponentBoundaryWalk_support_eq_univ' depends on axioms: [propext,
 Classical.choice,
 Quot.sound]
info: Problem56/ContractedCorePathOrder.lean:566:0: 'Problem56.equalityRemovedComponentFinEquiv' depends on axioms: [propext, Classical.choice, Quot.sound]
info: Problem56/ContractedCorePathOrder.lean:567:0: 'Problem56.equalityRemovedComponent_card_pos' depends on axioms: [propext, Classical.choice, Quot.sound]
info: Problem56/ContractedCorePathOrder.lean:568:0: 'Problem56.equalityRemovedComponentFinEquiv_zero' depends on axioms: [propext, Classical.choice, Quot.sound]
info: Problem56/ContractedCorePathOrder.lean:569:0: 'Problem56.equalityRemovedComponentFinEquiv_last' depends on axioms: [propext, Classical.choice, Quot.sound]
info: Problem56/ContractedCorePathOrder.lean:570:0: 'Problem56.equalityRemovedComponentFinEquiv_adj_iff' depends on axioms: [propext, Classical.choice, Quot.sound]
info: Problem56/ContractedCorePathOrder.lean:571:0: 'Problem56.equalityRemovedComponentFinEquiv_doubled_succ' depends on axioms: [propext, Classical.choice, Quot.sound]
info: Problem56/ContractedCorePathOrder.lean:572:0: 'Problem56.equalityRemovedComponentFinEquiv_edge_card_succ' depends on axioms: [propext, Classical.choice, Quot.sound]
⚠ [8795/8859] Replayed Problem56.ContractedCoreCanonicalRealization
warning: Problem56/ContractedCoreCanonicalRealization.lean:33:6: Unused tactic linter: `change E (equalitySourceLinkRetainedPort hp Q ha w) = E z` does nothing

Note: This linter can be disabled with `set_option linter.unusedTactic false`
warning: Problem56/ContractedCoreCanonicalRealization.lean:525:6: This simp argument is unused:
  equalityRemovedComponentInternalSegmentHalfEdge

Hint: Omit it from the simp argument list.
  [apply] simp [equalityCanonicalLinkSegmentSourceHalfEdge, hkzero]

Note: This linter can be disabled with `set_option linter.unusedSimpArgs false`
warning: Problem56/ContractedCoreCanonicalRealization.lean:529:8: This simp argument is unused:
  equalityRemovedComponentInternalSegmentHalfEdge

Hint: Omit it from the simp argument list.
  [apply] simp [equalityCanonicalLinkSegmentSourceHalfEdge, hkzero, hklast, hlenne]

Note: This linter can be disabled with `set_option linter.unusedSimpArgs false`
warning: Problem56/ContractedCoreCanonicalRealization.lean:529:57: This simp argument is unused:
  hkzero

Hint: Omit it from the simp argument list.
  [apply] simp [equalityCanonicalLinkSegmentSourceHalfEdge, equalityRemovedComponentInternalSegmentHalfEdge, hklast,
    hlenne]

Note: This linter can be disabled with `set_option linter.unusedSimpArgs false`
warning: Problem56/ContractedCoreCanonicalRealization.lean:582:5: Variable name `hkzero` is not explicitly referenced.

Hint: The binding can be removed (if unused) or named `_` (if used implicitly). Alternatively, prefix the name with `_` to silence this warning:
  [apply] _hkzero

Note: This linter can be disabled with `set_option linter.unusedVariables false`
warning: Problem56/ContractedCoreCanonicalRealization.lean:592:64: This simp argument is unused:
  hkzero

Hint: Omit it from the simp argument list.
  [apply] simp [equalityCanonicalLinkSegmentSourceHalfEdge, hklast, hlenvalne]

Note: This linter can be disabled with `set_option linter.unusedSimpArgs false`
warning: Problem56/ContractedCoreCanonicalRealization.lean:631:4: try 'simp' instead of 'simpa'

Note: This linter can be disabled with `set_option linter.unnecessarySimpa false`
warning: Problem56/ContractedCoreCanonicalRealization.lean:635:4: try 'simp' instead of 'simpa'

Note: This linter can be disabled with `set_option linter.unnecessarySimpa false`
warning: Problem56/ContractedCoreCanonicalRealization.lean:1177:63: This simp argument is unused:
  hkzero

Hint: Omit it from the simp argument list.
  [apply] simp only [equalityCanonicalLinkSegmentSourceHalfEdge, hklast, hlenne, hlenvalne, ↓reduceDIte]

Note: This linter can be disabled with `set_option linter.unusedSimpArgs false`
warning: Problem56/ContractedCoreCanonicalRealization.lean:1178:18: This simp argument is unused:
  hlenne

Hint: Omit it from the simp argument list.
  [apply] simp only [equalityCanonicalLinkSegmentSourceHalfEdge, hkzero, hklast, hlenvalne, ↓reduceDIte]

Note: This linter can be disabled with `set_option linter.unusedSimpArgs false`
warning: Problem56/ContractedCoreCanonicalRealization.lean:1189:63: This simp argument is unused:
  hkzero

Hint: Omit it from the simp argument list.
  [apply] simp only [equalityCanonicalLinkSegmentSourceHalfEdge, hklast, hlenne, hlenvalne, ↓reduceDIte,
    equalitySourceLinkBoundaryHalfEdge]

Note: This linter can be disabled with `set_option linter.unusedSimpArgs false`
warning: Problem56/ContractedCoreCanonicalRealization.lean:1190:18: This simp argument is unused:
  hlenne

Hint: Omit it from the simp argument list.
  [apply] simp only [equalityCanonicalLinkSegmentSourceHalfEdge, hkzero, hklast, hlenvalne, ↓reduceDIte,
    equalitySourceLinkBoundaryHalfEdge]

Note: This linter can be disabled with `set_option linter.unusedSimpArgs false`
warning: Problem56/ContractedCoreCanonicalRealization.lean:1231:16: This simp argument is unused:
  j

Hint: Omit it from the simp argument list.
  [apply] simp

Note: This linter can be disabled with `set_option linter.unusedSimpArgs false`
warning: Problem56/ContractedCoreCanonicalRealization.lean:1364:12: This simp argument is unused:
  canonicalExpandedEdgeMate

Hint: Omit it from the simp argument list.
  [apply] simp [canonicalExpandedPortVertex, hkzero, hlenpos] at hvertMate

Note: This linter can be disabled with `set_option linter.unusedSimpArgs false`
warning: Problem56/ContractedCoreCanonicalRealization.lean:1371:12: This simp argument is unused:
  canonicalExpandedEdgeMate

Hint: Omit it from the simp argument list.
  [apply] simp [canonicalExpandedPortVertex, hkzero] at hvertMate

Note: This linter can be disabled with `set_option linter.unusedSimpArgs false`
info: Problem56/ContractedCoreCanonicalRealization.lean:1460:0: 'Problem56.equalityStandardPort_isLinkPort_iff' depends on axioms: [propext, Classical.choice, Quot.sound]
info: Problem56/ContractedCoreCanonicalRealization.lean:1461:0: 'Problem56.equalityDirectRetainedPortEquivCanonicalDirectPort' depends on axioms: [propext,
 Classical.choice,
 Quot.sound]
info: Problem56/ContractedCoreCanonicalRealization.lean:1462:0: 'Problem56.equalityVertexEquivCanonicalExpandedVertex' depends on axioms: [propext, Classical.choice, Quot.sound]
info: Problem56/ContractedCoreCanonicalRealization.lean:1463:0: 'Problem56.equalityCanonicalLinkSegmentSourceHalfEdge_toggle' depends on axioms: [propext, Classical.choice, Quot.sound]
info: Problem56/ContractedCoreCanonicalRealization.lean:1464:0: 'Problem56.equalityCanonicalExpandedPortSourceHalfEdge_edgeMate' depends on axioms: [propext,
 Classical.choice,
 Quot.sound]
info: Problem56/ContractedCoreCanonicalRealization.lean:1465:0: 'Problem56.equalityCanonicalLinkSegmentSourceHalfEdge_injective' depends on axioms: [propext,
 Classical.choice,
 Quot.sound]
info: Problem56/ContractedCoreCanonicalRealization.lean:1466:0: 'Problem56.equalityCanonicalDirectPortSourceHalfEdge_ne_link' depends on axioms: [propext, Classical.choice, Quot.sound]
info: Problem56/ContractedCoreCanonicalRealization.lean:1467:0: 'Problem56.equalityCanonicalExpandedPortSourceHalfEdge_injective' depends on axioms: [propext,
 Classical.choice,
 Quot.sound]
info: Problem56/ContractedCoreCanonicalRealization.lean:1468:0: 'Problem56.equalityRetainedPorts_card_add_four_removed' depends on axioms: [propext, Classical.choice, Quot.sound]
⚠ [8796/8859] Replayed Problem56.ContractedCoreCanonicalCount
warning: Problem56/ContractedCoreCanonicalCount.lean:40:3: Variable name `d` is not explicitly referenced.

Hint: The binding can be removed (if unused) or named `_` (if used implicitly). Alternatively, prefix the name with `_` to silence this warning:
  [apply] _d

Note: This linter can be disabled with `set_option linter.unusedVariables false`
info: Problem56/ContractedCoreCanonicalCount.lean:230:0: 'Problem56.boundedCanonicalPayload_card_le' depends on axioms: [propext, Classical.choice, Quot.sound]
info: Problem56/ContractedCoreCanonicalCount.lean:231:0: 'Problem56.boundedCanonicalEqualityData_card_le' depends on axioms: [propext, Classical.choice, Quot.sound]
info: Problem56/ContractedCoreCanonicalCount.lean:232:0: 'Problem56.equalityPortsAt_transitionExcess_sum' depends on axioms: [propext, Classical.choice, Quot.sound]
info: Problem56/ContractedCoreCanonicalCount.lean:233:0: 'Problem56.equalityHalfEdge_card' depends on axioms: [propext, Classical.choice, Quot.sound]
info: Problem56/ContractedCoreCanonicalCount.lean:234:0: 'Problem56.equalityVertex_card' depends on axioms: [propext, Classical.choice, Quot.sound]
info: Problem56/ContractedCoreCanonicalCount.lean:235:0: 'Problem56.equalityPortsAt_card_le_coreBase' depends on axioms: [propext, Classical.choice, Quot.sound]
info: Problem56/ContractedCoreCanonicalCount.lean:236:0: 'Problem56.equalityPortsAt_card_pos' depends on axioms: [propext, Classical.choice, Quot.sound]
info: Problem56/ContractedCoreCanonicalCount.lean:237:0: 'Problem56.equalityPortsAt_card_even' depends on axioms: [propext, Classical.choice, Quot.sound]
info: Problem56/ContractedCoreCanonicalCount.lean:238:0: 'Problem56.equalityEncoding_nonempty_of_boundedCanonicalInjection' depends on axioms: [propext,
 Classical.choice,
 Quot.sound]
info: Problem56/ContractedCoreCanonicalCount.lean:239:0: 'Problem56.contracted_core_encoding_bound_of_boundedCanonicalInjection' depends on axioms: [propext,
 Classical.choice,
 Quot.sound]
ℹ [8797/8859] Replayed Problem56.ContractedCoreCanonicalCard
info: Problem56/ContractedCoreCanonicalCard.lean:127:0: 'Problem56.equalityCanonicalExpandedPort_card' depends on axioms: [propext, Classical.choice, Quot.sound]
⚠ [8798/8859] Replayed Problem56.ContractedCoreCanonicalEncoding
warning: Problem56/ContractedCoreCanonicalEncoding.lean:172:2: Try this: 
  letI̵

The goal is a proposition, so `let` is preferred over `letI`.
The difference between `let` and `letI` is that `letI` inlines the value.
But this is not relevant for proofs because of proof irrelevance.

Note: This linter can be disabled with `set_option linter.style.haveILetI false`
warning: Problem56/ContractedCoreCanonicalEncoding.lean:203:2: Try this: 
  letI̵

The goal is a proposition, so `let` is preferred over `letI`.
The difference between `let` and `letI` is that `letI` inlines the value.
But this is not relevant for proofs because of proof irrelevance.

Note: This linter can be disabled with `set_option linter.style.haveILetI false`
info: Problem56/ContractedCoreCanonicalEncoding.lean:551:0: 'Problem56.canonicalSourcePortsAtEquiv' depends on axioms: [propext, Classical.choice, Quot.sound]
info: Problem56/ContractedCoreCanonicalEncoding.lean:552:0: 'Problem56.canonicalSourcePortsAtCanonicalVertexEquiv' depends on axioms: [propext, Classical.choice, Quot.sound]
info: Problem56/ContractedCoreCanonicalEncoding.lean:553:0: 'Problem56.canonicalSourceBounds_of_realization' depends on axioms: [propext, Classical.choice, Quot.sound]
info: Problem56/ContractedCoreCanonicalEncoding.lean:554:0: 'Problem56.fixedPointFreeInvolutionTransport' depends on axioms: [Quot.sound]
info: Problem56/ContractedCoreCanonicalEncoding.lean:555:0: 'Problem56.equalityCyclicTransitionMate_target' depends on axioms: [propext, Classical.choice, Quot.sound]
info: Problem56/ContractedCoreCanonicalEncoding.lean:556:0: 'Problem56.equalityCyclicTransitionMate_vertex' depends on axioms: [propext, Classical.choice, Quot.sound]
info: Problem56/ContractedCoreCanonicalEncoding.lean:557:0: 'Problem56.canonicalLocalTransitionOfRealization' depends on axioms: [propext, Classical.choice, Quot.sound]
info: Problem56/ContractedCoreCanonicalEncoding.lean:558:0: 'Problem56.canonicalLocalTransitionOfRealization_mate' depends on axioms: [propext, Classical.choice, Quot.sound]
info: Problem56/ContractedCoreCanonicalEncoding.lean:559:0: 'Problem56.canonicalTailOfRealization_next' depends on axioms: [propext, Classical.choice, Quot.sound]
info: Problem56/ContractedCoreCanonicalEncoding.lean:560:0: 'Problem56.canonicalTailOfRealization_class_iff' depends on axioms: [propext, Classical.choice, Quot.sound]
info: Problem56/ContractedCoreCanonicalEncoding.lean:561:0: 'Problem56.canonicalTailOfRealization_eq_iterate' depends on axioms: [propext, Classical.choice, Quot.sound]
info: Problem56/ContractedCoreCanonicalEncoding.lean:562:0: 'Problem56.canonicalDynamicsPartition_dataOfRealization' depends on axioms: [propext, Classical.choice, Quot.sound]
info: Problem56/ContractedCoreCanonicalEncoding.lean:563:0: 'Problem56.boundedCanonicalInjectionOfRealizations' depends on axioms: [propext, Classical.choice, Quot.sound]
info: Problem56/ContractedCoreCanonicalEncoding.lean:564:0: 'Problem56.contracted_core_encoding_bound_of_realizations' depends on axioms: [propext, Classical.choice, Quot.sound]
info: Problem56/ContractedCoreCanonicalEncoding.lean:565:0: 'Problem56.equalityEncoding_nonempty_of_eulerInjection' depends on axioms: [propext, Classical.choice, Quot.sound]
info: Problem56/ContractedCoreCanonicalEncoding.lean:566:0: 'Problem56.contracted_core_encoding_bound_zero_of_eulerInjection' depends on axioms: [propext,
 Classical.choice,
 Quot.sound]
⚠ [8799/8859] Replayed Problem56.ContractedCoreZeroParameter
warning: Problem56/ContractedCoreZeroParameter.lean:216:2: Try this: 
  letI̵

The goal is a proposition, so `let` is preferred over `letI`.
The difference between `let` and `letI` is that `letI` inlines the value.
But this is not relevant for proofs because of proof irrelevance.

Note: This linter can be disabled with `set_option linter.style.haveILetI false`
warning: Problem56/ContractedCoreZeroParameter.lean:334:2: Try this: 
  letI̵

The goal is a proposition, so `let` is preferred over `letI`.
The difference between `let` and `letI` is that `letI` inlines the value.
But this is not relevant for proofs because of proof irrelevance.

Note: This linter can be disabled with `set_option linter.style.haveILetI false`
warning: Problem56/ContractedCoreZeroParameter.lean:386:37: This simp argument is unused:
  Nat.card_pos

Hint: Omit it from the simp argument list.
  [apply] simp only [Finset.sum_const_nat, smul_eq_mul]

Note: This linter can be disabled with `set_option linter.unusedSimpArgs false`
warning: Problem56/ContractedCoreZeroParameter.lean:386:51: This simp argument is unused:
  smul_eq_mul

Hint: Omit it from the simp argument list.
  [apply] simp only [Finset.sum_const_nat, Nat.card_pos]

Note: This linter can be disabled with `set_option linter.unusedSimpArgs false`
warning: Problem56/ContractedCoreZeroParameter.lean:512:2: Try this: 
  letI̵

The goal is a proposition, so `let` is preferred over `letI`.
The difference between `let` and `letI` is that `letI` inlines the value.
But this is not relevant for proofs because of proof irrelevance.

Note: This linter can be disabled with `set_option linter.style.haveILetI false`
warning: Problem56/ContractedCoreZeroParameter.lean:544:2: Try this: 
  letI̵

The goal is a proposition, so `let` is preferred over `letI`.
The difference between `let` and `letI` is that `letI` inlines the value.
But this is not relevant for proofs because of proof irrelevance.

Note: This linter can be disabled with `set_option linter.style.haveILetI false`
warning: Problem56/ContractedCoreZeroParameter.lean:554:2: Try this: 
  letI̵

The goal is a proposition, so `let` is preferred over `letI`.
The difference between `let` and `letI` is that `letI` inlines the value.
But this is not relevant for proofs because of proof irrelevance.

Note: This linter can be disabled with `set_option linter.style.haveILetI false`
warning: Problem56/ContractedCoreZeroParameter.lean:889:2: Left-hand side of simp theorem has a variable as head symbol. This means the theorem will be tried on every simp step, which can be expensive. This may be acceptable for `local` or `scoped` simp lemmas.
Use `set_option warning.simp.varHead false` to disable this warning.
warning: Problem56/ContractedCoreZeroParameter.lean:954:2: Try this: 
  letI̵

The goal is a proposition, so `let` is preferred over `letI`.
The difference between `let` and `letI` is that `letI` inlines the value.
But this is not relevant for proofs because of proof irrelevance.

Note: This linter can be disabled with `set_option linter.style.haveILetI false`
warning: Problem56/ContractedCoreZeroParameter.lean:1225:20: Variable name `z` is not explicitly referenced.

Hint: The binding can be removed (if unused) or named `_` (if used implicitly). Alternatively, prefix the name with `_` to silence this warning:
  [apply] _z

Note: This linter can be disabled with `set_option linter.unusedVariables false`
warning: Problem56/ContractedCoreZeroParameter.lean:1231:20: Variable name `z` is not explicitly referenced.

Hint: The binding can be removed (if unused) or named `_` (if used implicitly). Alternatively, prefix the name with `_` to silence this warning:
  [apply] _z

Note: This linter can be disabled with `set_option linter.unusedVariables false`
warning: Problem56/ContractedCoreZeroParameter.lean:1384:6: try 'simp' instead of 'simpa'

Note: This linter can be disabled with `set_option linter.unnecessarySimpa false`
warning: Problem56/ContractedCoreZeroParameter.lean:1386:6: try 'simp' instead of 'simpa'

Note: This linter can be disabled with `set_option linter.unnecessarySimpa false`
warning: Problem56/ContractedCoreZeroParameter.lean:1401:13: Variable name `hp` is not explicitly referenced.

Hint: The binding can be removed (if unused) or named `_` (if used implicitly). Alternatively, prefix the name with `_` to silence this warning:
  [apply] _hp

Note: This linter can be disabled with `set_option linter.unusedVariables false`
warning: Problem56/ContractedCoreZeroParameter.lean:1459:35: This simp argument is unused:
  hsuccessive

Hint: Omit it from the simp argument list.
  [apply] simp [hloops, hleft, hright]

Note: This linter can be disabled with `set_option linter.unusedSimpArgs false`
warning: Problem56/ContractedCoreZeroParameter.lean:1481:37: This simp argument is unused:
  hsuccessive

Hint: Omit it from the simp argument list.
  [apply] simp [hloops, hleft, hright]

Note: This linter can be disabled with `set_option linter.unusedSimpArgs false`
warning: Problem56/ContractedCoreZeroParameter.lean:1500:37: This simp argument is unused:
  hsuccessive

Hint: Omit it from the simp argument list.
  [apply] simp [hloops, hleft, hright]

Note: This linter can be disabled with `set_option linter.unusedSimpArgs false`
ℹ [8800/8859] Replayed Problem56.ContractedCoreEncodingClosure
info: Problem56/ContractedCoreEncodingClosure.lean:90:0: 'Problem56.equalityCanonicalExpandedPortSourceHalfEdge_bijective' depends on axioms: [propext,
 Classical.choice,
 Quot.sound]
info: Problem56/ContractedCoreEncodingClosure.lean:91:0: 'Problem56.equalityCanonicalExpandedPortEquivSourceHalfEdge' depends on axioms: [propext, Classical.choice, Quot.sound]
info: Problem56/ContractedCoreEncodingClosure.lean:92:0: 'Problem56.equalityCanonicalSourceRealizationData' depends on axioms: [propext, Classical.choice, Quot.sound]
info: Problem56/ContractedCoreEncodingClosure.lean:93:0: 'Problem56.contracted_core_encoding_bound_closed' depends on axioms: [propext, Classical.choice, Quot.sound]
⚠ [8801/8859] Replayed Problem56.Statements
warning: Problem56/Statements.lean:359:2: Try this: 
  letI̵

The goal is a proposition, so `let` is preferred over `letI`.
The difference between `let` and `letI` is that `letI` inlines the value.
But this is not relevant for proofs because of proof irrelevance.

Note: This linter can be disabled with `set_option linter.style.haveILetI false`
warning: Problem56/Statements.lean:350:40: Variable name `hr` is not explicitly referenced.

Hint: The binding can be removed (if unused) or named `_` (if used implicitly). Alternatively, prefix the name with `_` to silence this warning:
  [apply] _hr

Note: This linter can be disabled with `set_option linter.unusedVariables false`
warning: Problem56/Statements.lean:617:48: Variable name `hp` is not explicitly referenced.

Hint: The binding can be removed (if unused) or named `_` (if used implicitly). Alternatively, prefix the name with `_` to silence this warning:
  [apply] _hp

Note: This linter can be disabled with `set_option linter.unusedVariables false`
warning: Problem56/Statements.lean:1107:41: This simp argument is unused:
  Finset.sum_filter

Hint: Omit it from the simp argument list.
  [apply] simp only [Finset.natCast_card_filter, Finset.mem_univ, if_true] at *

Note: This linter can be disabled with `set_option linter.unusedSimpArgs false`
warning: Problem56/Statements.lean:1108:4: This simp argument is unused:
  Finset.mem_univ

Hint: Omit it from the simp argument list.
  [apply] simp only [Finset.natCast_card_filter, Finset.sum_filter, if_true] at *

Note: This linter can be disabled with `set_option linter.unusedSimpArgs false`
warning: Problem56/Statements.lean:1108:21: This simp argument is unused:
  if_true

Hint: Omit it from the simp argument list.
  [apply] simp only [Finset.natCast_card_filter, Finset.sum_filter, Finset.mem_univ] at *

Note: This linter can be disabled with `set_option linter.unusedSimpArgs false`
⚠ [8804/8859] Replayed Problem56.PaperV6.EntryBridges
warning: Problem56/PaperV6/EntryBridges.lean:25:6: Try this: 
  haveI̵

The goal is a proposition, so `have` is preferred over `haveI`.
The difference between `have` and `haveI` is that `haveI` inlines the value.
But this is not relevant for proofs because of proof irrelevance.

Note: This linter can be disabled with `set_option linter.style.haveILetI false`
warning: Problem56/PaperV6/EntryBridges.lean:200:4: Try this: 
  haveI̵

The goal is a proposition, so `have` is preferred over `haveI`.
The difference between `have` and `haveI` is that `haveI` inlines the value.
But this is not relevant for proofs because of proof irrelevance.

Note: This linter can be disabled with `set_option linter.style.haveILetI false`
⚠ [8808/8859] Replayed Problem56.PaperV6.FixedFrame
warning: Problem56/PaperV6/FixedFrame.lean:139:10: Used `tac1 <;> tac2` where `(tac1; tac2)` would suffice

Note: This linter can be disabled with `set_option linter.unnecessarySeqFocus false`
warning: Problem56/PaperV6/FixedFrame.lean:139:41: Used `tac1 <;> tac2` where `(tac1; tac2)` would suffice

Note: This linter can be disabled with `set_option linter.unnecessarySeqFocus false`
warning: Problem56/PaperV6/FixedFrame.lean:139:55: Used `tac1 <;> tac2` where `(tac1; tac2)` would suffice

Note: This linter can be disabled with `set_option linter.unnecessarySeqFocus false`
warning: Problem56/PaperV6/FixedFrame.lean:160:2: Try this: 
  letI̵

The goal is a proposition, so `let` is preferred over `letI`.
The difference between `let` and `letI` is that `letI` inlines the value.
But this is not relevant for proofs because of proof irrelevance.

Note: This linter can be disabled with `set_option linter.style.haveILetI false`
⚠ [8809/8859] Replayed Problem56.PaperV6.GeneralCumulantsMixed
warning: Problem56/PaperV6/GeneralCumulantsMixed.lean:11:15: Variable name `hab` is not explicitly referenced.

Hint: The binding can be removed (if unused) or named `_` (if used implicitly). Alternatively, prefix the name with `_` to silence this warning:
  [apply] _hab

Note: This linter can be disabled with `set_option linter.unusedVariables false`
warning: Problem56/PaperV6/GeneralCumulantsMixed.lean:58:15: Variable name `hab` is not explicitly referenced.

Hint: The binding can be removed (if unused) or named `_` (if used implicitly). Alternatively, prefix the name with `_` to silence this warning:
  [apply] _hab

Note: This linter can be disabled with `set_option linter.unusedVariables false`
warning: Problem56/PaperV6/GeneralCumulantsMixed.lean:162:23: Variable name `hB` is not explicitly referenced.

Hint: The binding can be removed (if unused) or named `_` (if used implicitly). Alternatively, prefix the name with `_` to silence this warning:
  [apply] _hB

Note: This linter can be disabled with `set_option linter.unusedVariables false`
warning: Problem56/PaperV6/GeneralCumulantsMixed.lean:266:10: This simp argument is unused:
  hab

Hint: Omit it from the simp argument list.
  [apply] simp

Note: This linter can be disabled with `set_option linter.unusedSimpArgs false`
warning: Problem56/PaperV6/GeneralCumulantsMixed.lean:323:2: Try this: 
  letI̵

The goal is a proposition, so `let` is preferred over `letI`.
The difference between `let` and `letI` is that `letI` inlines the value.
But this is not relevant for proofs because of proof irrelevance.

Note: This linter can be disabled with `set_option linter.style.haveILetI false`
warning: Problem56/PaperV6/GeneralCumulantsMixed.lean:401:11: Variable name `j` is not explicitly referenced.

Hint: The binding can be removed (if unused) or named `_` (if used implicitly). Alternatively, prefix the name with `_` to silence this warning:
  [apply] _j

Note: This linter can be disabled with `set_option linter.unusedVariables false`
warning: Problem56/PaperV6/GeneralCumulantsMixed.lean:425:2: Try this: 
  letI̵

The goal is a proposition, so `let` is preferred over `letI`.
The difference between `let` and `letI` is that `letI` inlines the value.
But this is not relevant for proofs because of proof irrelevance.

Note: This linter can be disabled with `set_option linter.style.haveILetI false`
⚠ [8810/8859] Replayed Problem56.PaperV6.GeneralCumulantsShifts
warning: Problem56/PaperV6/GeneralCumulantsShifts.lean:78:2: Try this: 
  letI̵

The goal is a proposition, so `let` is preferred over `letI`.
The difference between `let` and `letI` is that `letI` inlines the value.
But this is not relevant for proofs because of proof irrelevance.

Note: This linter can be disabled with `set_option linter.style.haveILetI false`
warning: Problem56/PaperV6/GeneralCumulantsShifts.lean:107:16: This simp argument is unused:
  Function.update_of_ne hji

Hint: Omit it from the simp argument list.
  [apply] simp [Z, hji]

Note: This linter can be disabled with `set_option linter.unusedSimpArgs false`
⚠ [8814/8859] Replayed Problem56.PaperV6.GraphModifications
warning: Problem56/PaperV6/GraphModifications.lean:101:2: Try this: 
  haveI̵

The goal is a proposition, so `have` is preferred over `haveI`.
The difference between `have` and `haveI` is that `haveI` inlines the value.
But this is not relevant for proofs because of proof irrelevance.

Note: This linter can be disabled with `set_option linter.style.haveILetI false`
⚠ [8816/8859] Replayed Problem56.PaperV6.GeneralSamplingJoint
warning: Problem56/PaperV6/GeneralSamplingJoint.lean:31:2: Try this: 
  letI̵

The goal is a proposition, so `let` is preferred over `letI`.
The difference between `let` and `letI` is that `letI` inlines the value.
But this is not relevant for proofs because of proof irrelevance.

Note: This linter can be disabled with `set_option linter.style.haveILetI false`
⚠ [8820/8859] Replayed Problem56.PaperV6.FormalLogPowers
warning: Problem56/PaperV6/FormalLogPowers.lean:64:4: Try this: 
  letI̵

The goal is a proposition, so `let` is preferred over `letI`.
The difference between `let` and `letI` is that `letI` inlines the value.
But this is not relevant for proofs because of proof irrelevance.

Note: This linter can be disabled with `set_option linter.style.haveILetI false`
⚠ [8822/8859] Replayed Problem56.PaperV6.FormalLogInverse
warning: Problem56/PaperV6/FormalLogInverse.lean:68:2: Try this: 
  letI̵

The goal is a proposition, so `let` is preferred over `letI`.
The difference between `let` and `letI` is that `letI` inlines the value.
But this is not relevant for proofs because of proof irrelevance.

Note: This linter can be disabled with `set_option linter.style.haveILetI false`
⚠ [8849/8859] Replayed Problem56.PaperV6.GeneralBridgelessReverseUnused
warning: Problem56/PaperV6/GeneralBridgelessReverseUnused.lean:118:4: Unused tactic linter: `change
  ¬Relation.TransGen (constructionAdjacent (S.current.reverse r) (reverseStateOldEdge S r) S.used) v v` does nothing

Note: This linter can be disabled with `set_option linter.unusedTactic false`
Build completed successfully (8859 jobs).
